행정구역,2011년_계_총인구수,2011년_계_연령구간인구수,2012년_계_총인구수,2012년_계_연령구간인구수,2013년_계_총인구수,2013년_계_연령구간인구수,2014년_계_총인구수,2014년_계_연령구간인구수,2015년_계_총인구수,2015년_계_연령구간인구수,2016년_계_총인구수,2016년_계_연령구간인구수,2017년_계_총인구수,2017년_계_연령구간인구수,2018년_계_총인구수,2018년_계_연령구간인구수,2019년_계_총인구수,2019년_계_연령구간인구수,2020년_계_총인구수,2020년_계_연령구간인구수
서울특별시,10249679,1044750,10195318,1105583,10143645,1161708,10103233,1216529,10022181,1262436,9930616,1295899,9857426,1359901,9765623,1410297,9729107,1478664,9699232,1544944
서울특별시 종로구,168382,22800,165207,23730,160070,23853,156993,24376,154986,24752,152737,24950,154770,26030,153065,26572,151290,27318,149952,28193
서울특별시 중구,133193,17928,133360,18690,130465,19152,128065,19740,125733,20081,125249,20388,125709,21148,125725,21750,126171,22974,125800,23937
서울특별시 용산구,246501,31623,243232,32786,239740,33775,235951,34571,233342,35352,230241,35547,229161,36488,228999,37212,228670,38346,229786,39524
서울특별시 성동구,300711,32659,299604,34056,299337,35296,296086,36564,297003,38025,299259,39140,304808,41152,308221,42629,300889,43796,295591,45199
서울특별시 광진구,371936,33418,371313,35539,368927,37413,363354,38808,360369,40205,357215,41292,357703,43790,355559,45432,351350,47681,348064,49793
서울특별시 동대문구,365486,44229,363258,46625,364273,48911,363687,50756,360153,52331,355069,53301,350647,55547,348052,56991,346194,59170,344416,61215
서울특별시 중랑구,423706,43676,419295,46402,416798,48937,418836,51919,413909,54021,411005,55842,408226,59189,403209,61748,397015,65065,395997,68547
서울특별시 성북구,485171,55083,481857,58000,476589,60353,466706,61929,459275,63132,450355,63878,444055,66121,435868,67646,442650,70699,439719,73202
서울특별시 강북구,345054,43453,343157,46147,338707,48465,335025,50755,330873,52503,327195,53964,324479,56437,319164,58103,313954,60474,309996,62839
서울특별시 도봉구,365573,39781,362270,42230,358582,44434,353709,46438,351242,48553,348220,50466,344166,53445,339413,55926,333362,58664,327248,61340
서울특별시 노원구,603930,58584,597189,61150,590479,63731,582552,66411,574583,68843,567581,70819,554403,74178,543752,77032,532905,80854,525486,84541
서울특별시 은평구,493634,56485,501480,60649,503660,64188,498644,66864,497920,69610,491476,71304,486794,74400,483197,77263,480032,80567,481546,84172
서울특별시 서대문구,314852,39740,315113,41756,314110,43529,310376,44982,312141,46417,314194,47303,312800,48898,310313,50045,309397,51645,313212,53416
서울특별시 마포구,389493,42396,384644,44027,381856,45508,385439,47096,387643,48348,379892,48060,374915,49356,375077,50544,374035,52104,373508,53709
서울특별시 양천구,500210,41004,495911,43392,492528,45896,486221,48068,484532,50282,477739,51957,471154,55136,464185,57941,458165,61147,456240,64673
서울특별시 강서구,569072,52152,567431,55641,569070,59330,585160,64117,589074,67792,595485,70889,601691,75845,596949,79445,591796,83839,583544,87790
서울특별시 구로구,427468,41450,427520,44579,424964,47367,425831,50615,422092,53146,417551,55159,410742,58213,404497,61105,406664,64932,405579,68289
서울특별시 금천구,243438,24761,243288,26476,241020,27948,238463,29243,236284,30745,235386,31976,235154,33842,233917,35354,232810,37196,232157,38821
서울특별시 영등포구,397443,43215,391408,45417,386471,47258,382352,49184,378504,50839,370613,51186,368550,53299,367778,54906,367678,56957,375630,59764
서울특별시 동작구,401408,44132,405491,47007,410815,49863,407470,52147,400641,53425,400997,55052,396217,57071,396203,59265,395963,61994,393554,64407
서울특별시 관악구,526397,52725,523029,56238,518028,59333,513186,62251,509663,64677,506851,66659,503297,69729,501957,71888,500094,74787,498574,77734
서울특별시 서초구,433564,38933,435044,41649,441763,44554,449678,47346,446764,49171,447192,50906,441102,53119,433951,54663,430826,57036,426009,59394
서울특별시 강남구,565710,47041,564197,50206,563599,53300,578114,57291,576495,60191,567115,61822,556164,64946,542364,66957,545169,70896,539235,73803
서울특별시 송파구,682209,55316,673115,58341,668415,61592,664738,64891,660302,68147,657831,70918,664496,76442,666635,81211,675961,87182,670331,91967
서울특별시 강동구,495138,42166,487905,44850,483379,47722,476597,50167,458658,51848,444168,53121,436223,56080,427573,58669,436067,63341,458058,68675
부산광역시,3550963,418043,3538484,442199,3527635,467416,3519401,492116,3513777,514630,3498529,536064,3470653,565527,3441453,589961,3413841,620123,3399749,649546
부산광역시 중구,48686,8213,48148,8570,47345,8850,46737,9154,45816,9470,45208,9700,44218,10082,42795,10380,41910,10744,41593,11179
부산광역시 서구,123718,20280,120828,21178,118783,21941,118115,22902,115963,23517,112973,23906,110039,24462,110534,25205,108229,26069,107689,27015
부산광역시 동구,100420,17316,98529,17991,96011,18734,94565,19493,92069,19945,89826,20334,88868,21076,86912,21407,88165,22257,89410,23199
부산광역시 영도구,143205,22577,139765,23663,135816,24625,132102,25637,129385,26419,126362,27192,123521,28293,120109,29072,116711,30116,114252,31195
부산광역시 부산진구,395044,49078,392731,51572,389765,54218,387378,56777,381572,58579,376526,60541,371703,62942,362357,64599,357880,67133,357558,69955
부산광역시 동래구,283742,31448,278767,33132,276689,35153,275971,37045,272837,38437,272745,40349,270727,42697,266515,44255,271247,46863,271980,49430
부산광역시 남구,295121,36216,291175,38346,291770,40543,286989,42392,283101,44110,278779,45778,273854,47964,279917,50151,274480,51717,269251,53443
부산광역시 북구,307988,28464,312937,30373,309719,32212,306974,34057,310484,36451,310202,38522,302924,41000,296952,43125,291132,45908,286327,48536
부산광역시 해운대구,425618,43898,428188,46662,425536,49353,423531,51970,422818,54547,419853,56854,412039,59949,409347,62825,406102,66218,402749,69432
부산광역시 사하구,355443,35634,352726,37748,349110,40007,343371,42209,337781,44389,334603,46778,333301,50261,327791,52805,321004,55964,314728,58838
부산광역시 금정구,254720,30643,255692,32560,253526,34397,249856,36090,246026,37649,244624,39482,244469,42011,242956,44382,239062,46642,234135,48378
부산광역시 강서구,64733,9149,65806,9550,69873,9947,79619,10593,94608,11429,108909,12348,117382,13205,122957,14090,129566,15183,135330,16256
부산광역시 연제구,213326,24878,211536,26353,209290,27994,208012,29397,210718,31042,207268,31832,206742,33600,207840,35526,209395,37891,210362,39974
부산광역시 수영구,176691,23269,176666,24892,175098,26394,178480,28266,179795,29695,179324,30831,179996,32621,176246,33784,176148,35661,177266,37211
부산광역시 사상구,254413,23085,250424,24495,246797,26174,242953,27712,237711,29182,232800,30561,229219,32715,223361,34306,218094,36409,214345,38389
부산광역시 기장군,108095,13895,114566,15114,132507,16874,144748,18422,153093,19769,158527,21056,161651,22649,164864,24049,164716,25348,172774,27116
대구광역시,2507271,260038,2505644,274152,2501588,289246,2493264,303537,2487829,316122,2484557,328901,2475231,347459,2461769,362934,2438031,379277,2426849,396395
대구광역시 중구,76600,12842,75439,13371,76246,14053,78812,14745,80928,15200,79712,15343,78986,15531,79401,15566,77421,15597,77030,15835
대구광역시 동구,341206,43363,342092,45927,343802,48748,347975,51318,349728,53511,351352,55767,349379,58893,351291,61656,345469,64014,343233,66845
대구광역시 서구,222619,26117,220211,27670,215399,29148,210770,30708,206028,31863,199507,33038,191992,34758,184372,35821,175277,36752,171947,38279
대구광역시 남구,169095,24664,168715,25878,166062,27208,163492,28433,160852,29326,156433,29974,152845,31132,150501,32158,148113,32987,146864,34014
대구광역시 북구,449775,40393,448485,42526,444359,44732,444375,47172,443119,49129,440383,51156,441375,54257,439489,56894,437710,60120,440500,63116
대구광역시 수성구,461083,46261,459779,48595,461004,50962,456505,52823,451786,54596,447011,56431,439211,58905,432759,61089,428614,63474,425949,66043
대구광역시 달서구,606542,48206,606557,51152,610358,54500,606433,57576,602641,60271,591891,62977,578068,67033,573413,70983,568887,75775,562972,79742
대구광역시 달성군,180351,18192,184366,19033,184358,19895,184902,20762,192747,22226,218268,24215,243375,26950,250543,28767,256540,30558,258354,32521
인천광역시 ,2801274,250528,2843981,267059,2879782,282471,2902608,297951,2925815,312905,2943069,324255,2948542,345024,2954642,362675,2957026,384548,2942553,405556
인천광역시 중구,93581,11558,98648,12766,107774,13993,111929,14878,114493,15410,115249,15737,117999,16643,122499,17482,135135,19076,139299,20236
인천광역시 동구,78692,10772,76720,11250,75093,11666,73978,12108,72571,12465,71014,12639,69487,13168,66233,13254,64427,13751,62957,14278
인천광역시 미추홀구,417996,45947,414500,48523,411330,50852,408305,53231,404893,55214,417103,57437,419267,60758,416542,62833,408862,65642,403500,68388
인천광역시 연수구,287903,20535,292589,21640,300305,22994,310703,24357,319052,25593,328627,26893,335142,28922,346359,31227,366550,34346,380980,37220
인천광역시 남동구,495469,39565,503597,42370,507021,44892,514656,47905,531395,51768,530982,53961,536578,58429,537161,62248,532704,66423,527515,70425
인천광역시 부평구,560936,48651,559047,51401,556985,53902,556992,56601,555844,59354,549716,60940,539941,63959,524640,66424,511577,69549,497902,72533
인천광역시 계양구,344299,23334,342202,24684,343806,26219,339538,27490,334332,28611,330284,29762,323784,31729,312680,33119,303471,35043,297540,37286
인천광역시 서구,436134,29798,469887,33059,490035,35832,498686,38343,504606,40711,510733,42719,516017,46129,538596,49975,544556,53691,543365,57135
인천광역시 강화군,66779,16579,66752,17363,66735,18002,67118,18736,67667,19308,68010,19600,68754,20451,68896,21148,69178,21902,69070,22637
인천광역시 옹진군,19485,3789,20039,4003,20698,4119,20703,4302,20962,4471,21351,4567,21573,4836,21036,4965,20566,5125,20425,5418
광주광역시,1463464,136411,1469216,144732,1472910,151874,1475884,159822,1472199,166389,1469214,172572,1463770,180862,1459336,187186,1456468,195479,1453952,203539
광주광역시 동구,106495,16887,105580,17758,103016,18297,100786,18919,98784,19340,95791,19413,95448,20047,94475,20337,98585,21138,100993,21890
광주광역시 서구,317936,27681,316545,29295,315276,30799,310317,32286,305028,33555,309579,35214,306957,36991,304172,38468,300975,40246,298030,42009
광주광역시 남구,219041,25056,218313,26553,216254,27780,219815,29591,221318,30921,219729,32184,218454,33727,216369,34677,218060,36162,215266,37379
광주광역시 북구,444483,41287,443677,44097,445489,46660,447685,49182,446316,51519,441066,53694,438780,56532,439773,58793,433533,61446,432525,64158
광주광역시 광산구,375509,25500,385101,27029,392875,28338,397281,29844,400753,31054,403049,32067,404131,33565,404547,34911,405315,36487,407138,38103
대전광역시,1515603,135740,1524583,142979,1532811,150651,1531809,158329,1518775,165528,1514370,171568,1502227,180667,1489936,188530,1474870,198691,1469099,208290
대전광역시 동구,251285,29516,251945,31018,250653,32348,245493,33663,239579,35002,234959,35763,230516,37240,229071,38664,226771,40621,223368,42054
대전광역시 중구,265502,31126,264125,32682,264913,34483,261165,36214,256186,37485,252490,38468,248933,40354,244421,41625,240473,43648,237425,45351
대전광역시 서구,499124,38222,496513,40172,498917,42495,496132,44745,490859,46988,491011,49080,487448,51821,484663,54225,481222,57201,480780,60342
대전광역시 유성구,294353,18694,306312,19901,313968,21120,327461,22618,335312,24154,343222,25474,348428,27420,349790,29219,349373,31182,352604,33154
대전광역시 대덕구,205339,18182,205688,19206,204360,20205,201558,21089,196839,21899,192688,22783,186902,23832,181991,24797,177031,26039,174922,27389
울산광역시,1135494,80465,1147256,85736,1156480,91521,1166377,97250,1173534,103205,1172304,108768,1165132,116633,1155623,123919,1148019,132565,1139368,140963
울산광역시 중구,232634,18844,233013,20138,234607,21530,238825,23136,244481,24621,242536,26082,238652,27853,231973,29405,223581,31023,218862,32724
울산광역시 남구,343504,21289,346836,22962,349064,24848,347759,26415,343598,27956,340714,29400,335439,31629,330732,33804,323819,36318,321494,38596
울산광역시 동구,172172,9922,175479,10786,178468,11719,176668,12496,174963,13382,174514,14370,169605,15672,164642,16783,159656,18189,157396,19545
울산광역시 북구,182504,9801,184088,10318,185695,10879,188733,11517,191063,12218,195285,12985,200718,14053,206434,14984,217796,16449,218903,17645
울산광역시 울주군,204680,20609,207840,21532,208646,22545,214392,23686,219429,25028,219255,25931,220718,27426,221842,28943,223167,30586,222713,32453
세종특별자치시,,,113117,17214,122153,17958,156125,19777,210884,22399,243048,24197,280100,26851,314126,29178,340575,31949,348014,33955
세종특별자치시,,,113117,17214,122153,17958,156125,19777,210884,22399,243048,24197,280100,26851,314126,29178,340575,31949,348014,33955
경기도,11937415,1072462,12093299,1135242,12234630,1195523,12357830,1254445,12522606,1318882,12716780,1374475,12873895,1467835,13077153,1551801,13239666,1651341,13388485,1748200
경기도 수원시,1088489,78587,1120258,84211,1148157,89227,1174228,94472,1184624,99750,1194041,103992,1202628,111667,1201166,117256,1194465,123647,1188926,130230
경기도 수원시 장안구,290999,23992,291757,25262,300908,26769,301196,27827,299016,29116,296479,30116,293828,32021,286433,33177,278377,34579,274911,36191
경기도 수원시 권선구,321176,22654,332633,24469,331773,25684,339835,27192,351053,29296,358393,30924,365653,33705,377647,36570,371754,38769,369755,40832
경기도 수원시 팔달구,209772,19514,206794,20557,204805,21426,203479,22519,199180,23215,198515,23810,193311,24920,180974,24591,175866,25354,174879,26572
경기도 수원시 영통구,266542,12427,289074,13923,310671,15348,329718,16934,335375,18123,340654,19142,349836,21021,356112,22918,368468,24945,369381,26635
경기도 성남시,979323,87528,978615,92664,979534,97608,974608,101943,971424,106386,974580,109744,967510,115526,954347,120100,942724,125807,941783,131768
경기도 성남시 수정구,236123,23148,233997,24668,228167,25991,223539,27062,219531,28154,232841,30078,236932,32125,234133,33491,234678,35669,241803,38047
경기도 성남시 중원구,254872,23233,253883,24689,256349,26249,251982,27512,250004,28797,237909,28803,230366,29970,224885,31039,220041,32521,216379,33910
경기도 성남시 분당구,488328,41147,490735,43307,495018,45368,499087,47369,501889,49435,503830,50863,500212,53431,495329,55570,488005,57617,483601,59811
경기도 의정부시,430400,43889,429147,46222,430976,48701,431112,50891,433937,53282,438457,55396,441584,58509,447026,61413,451868,65272,458273,69088
경기도 안양시,615642,50490,611412,52773,607877,55180,600809,57295,597789,59809,597414,61675,587764,64655,576831,67680,567044,71643,553286,74722
경기도 안양시 만안구,263077,24845,253492,25452,250246,26564,247315,27645,247270,28913,252353,30304,254977,32509,251512,34215,244235,36017,240604,37755
경기도 안양시 동안구,352565,25645,357920,27321,357631,28616,353494,29650,350519,30896,345061,31371,332787,32146,325319,33465,322809,35626,312682,36967
경기도 부천시,872452,66649,869944,70920,863720,74733,855586,78455,848987,82410,851380,86218,850329,92537,843768,97670,829996,104089,822000,110347
경기도 광명시,355226,29624,355560,31301,353100,32599,348560,33980,344978,35511,339484,36549,332790,38321,326841,39869,316552,41397,305836,42228
경기도 평택시,426886,43897,434305,45938,442034,47683,449555,49568,460532,51536,470832,53090,481530,55926,495642,58483,513027,61910,529140,65327
경기도 동두천시,96253,12996,97175,13791,97557,14477,97595,14989,97974,15626,98277,16172,97071,16961,96226,17695,94768,18344,93901,19100
경기도 안산시,715586,47327,715108,49523,713666,51663,707876,53780,697885,55613,689859,57150,677710,60087,660343,62654,650918,66438,653505,70468
경기도 안산시 상록구,380880,26393,381556,27712,382571,29104,381508,30365,379517,31620,375857,32620,370744,34339,356311,35379,344613,37004,348635,39187
경기도 안산시 단원구,334706,20934,333552,21811,331095,22559,326368,23415,318368,23993,314002,24530,306966,25748,304032,27275,306305,29434,304870,31281
경기도 고양시,961239,89179,969916,93853,990571,99028,1006154,104096,1027546,110050,1039684,114092,1041983,120333,1044189,126572,1066351,135272,1075841,143226
경기도 고양시 덕양구,391832,40126,396559,42286,410491,45394,424423,48515,441988,52263,446233,54412,448684,57446,450449,60270,466157,64799,473594,68661
경기도 고양시 일산동구,278095,23642,281949,24959,283976,25889,284207,26887,285658,28046,292612,29216,293673,30956,296223,32983,297671,35110,298901,37051
경기도 고양시 일산서구,291312,25411,291408,26608,296104,27745,297524,28694,299900,29741,300839,30464,299626,31931,297517,33319,302523,35363,303346,37514
경기도 과천시,71955,6968,71068,7258,70578,7508,70156,7727,68946,7929,63778,7735,57527,7474,58142,7762,58289,8084,61982,8756
경기도 구리시,194881,16375,192341,17158,189680,17915,186820,18528,186721,19368,193763,20623,200042,22362,203553,23800,199265,25159,197974,26567
경기도 남양주시,578485,55209,599539,59429,618305,63530,636256,67875,653454,72414,662154,75986,665321,81688,681828,86681,701830,93007,710433,98730
경기도 오산시,193892,12348,200291,13189,205460,14003,208565,14714,206828,15364,208656,16015,213437,17373,220070,18589,226379,20257,229249,21643
경기도 시흥시,401149,25647,399485,26709,396765,27839,394639,28835,398256,30190,402888,31650,419664,34511,448687,37552,473682,41403,493005,45275
경기도 군포시,287294,22966,286841,24089,286344,25080,288408,26326,287519,27501,284890,28530,281205,30278,276916,31712,275852,33726,274985,35802
경기도 의왕시,149607,12804,154757,13657,159772,14793,158482,15556,157740,16338,156763,16912,155767,18198,153932,19146,161153,20823,163720,21961
경기도 하남시,148397,14628,146269,15315,145096,16191,148896,17346,166713,19325,211101,23306,232487,26820,254415,30309,272455,33597,287452,36547
경기도 용인시,896044,81132,915959,87192,941477,93099,961026,98344,975746,104118,991126,108968,1004081,116882,1035126,125066,1059609,133817,1075697,141417
경기도 용인시 처인구,209200,21903,210524,23035,212904,24069,218400,25403,221347,26573,226130,27748,231553,29986,249118,33028,253896,35172,258455,37022
경기도 용인시 기흥구,368722,30478,375875,32930,393172,35703,402206,37897,409162,40617,417163,42832,419429,45836,427719,48858,436679,52782,440923,56057
경기도 용인시 수지구,318122,28751,329560,31227,335401,33327,340420,35044,345237,36928,347833,38388,353099,41060,358289,43180,369034,45863,376319,48338
경기도 파주시,378790,41080,394201,43695,401718,45783,411348,48009,423321,50440,430781,51980,437848,54881,451848,57889,454040,60663,461314,63896
경기도 이천시,204566,21434,204917,22216,205479,23022,205014,23870,204935,24629,210359,25380,213142,26935,214206,27988,215834,29245,219531,30749
경기도 안성시,180743,22748,181608,23692,182173,24354,181896,24990,180199,25846,182896,26606,182786,28134,183579,29319,183405,30729,186460,32342
경기도 김포시,256994,26426,287432,29408,312305,32542,340310,35706,349990,38039,363443,40505,392092,44611,423170,48532,437221,52278,463735,56875
경기도 화성시,516765,40139,525490,41897,530251,43822,540862,45860,596525,49417,640890,52875,691086,58053,758722,63520,815396,69434,846850,74514
경기도 광주시,265222,24126,275656,26215,286699,28200,298858,30441,312579,32816,327723,35203,345947,39203,363782,42843,372654,46344,380291,50067
경기도 양주시,200360,21172,200310,22338,199143,23439,202072,24607,205184,25998,205513,26708,212146,29098,216951,31121,222314,33412,229427,35696
경기도 포천시,157967,20891,157559,21753,156603,22541,155798,23279,155192,23892,154763,24292,152925,25451,150676,26306,148379,27615,147803,29015
경기도 여주시,109120,16873,109550,17619,109343,18227,110386,18674,111033,19233,111563,19778,111984,21083,111525,21959,111083,23068,111512,24157
경기도 연천군,44900,9087,45599,9347,45610,9594,45363,9887,45725,10030,45907,10162,45431,10423,44633,10611,43824,10990,43590,11408
경기도 가평군,59358,11531,60794,12076,61017,12518,61213,12874,62008,13350,62448,13569,62973,14271,62918,14802,62415,15423,62551,16159
경기도 양평군,99430,18712,102193,19794,103620,20624,105379,21528,108316,22672,111367,23614,115105,25584,116095,26902,116874,28448,118433,30120
강원도,1536448,233219,1538630,241694,1542263,249539,1544442,255930,1549507,261671,1550806,266152,1550142,279976,1543052,289386,1541502,302886,1541104,316206
강원도 춘천시,272805,36774,273364,38278,274455,39467,275791,40376,277997,41092,280707,41699,280514,43914,280640,45532,281291,47645,282012,49796
강원도 원주시,320536,36202,323885,37620,324837,38812,327292,39862,332995,41104,337979,42246,341337,45246,344070,47200,349215,49983,353189,52662
강원도 강릉시,217571,32235,217741,33639,216806,34855,215807,36009,214560,36924,213846,37679,213952,39784,212957,41214,213442,43113,213055,45014
강원도 동해시,95804,12985,93897,13379,95143,14006,94562,14456,93895,14891,93297,15124,92851,15881,91272,16526,90522,17338,90575,18105
강원도 태백시,50176,7708,49493,8014,48794,8379,48258,8716,47501,9010,47070,9266,45888,9626,44858,9940,43866,10324,42937,10700
강원도 속초시,83745,11036,83579,11532,83109,11894,82432,12261,81992,12487,81793,12752,82273,13464,81682,13952,81786,14816,82457,15676
강원도 삼척시,72312,13085,72463,13454,73023,13916,72314,14245,70839,14527,69599,14610,68514,15093,68326,15481,67228,16004,65639,16484
강원도 홍천군,69899,13524,69727,13852,70638,14159,70451,14400,70336,14739,70076,14933,70340,15899,69949,16406,69150,17173,69164,17939
강원도 횡성군,44360,9860,44615,10277,44937,10631,45373,10834,45777,11095,45991,11323,46281,12025,46726,12445,46575,12989,46482,13520
강원도 영월군,40199,8890,40155,9120,40150,9391,40191,9602,40216,9782,40073,9915,40067,10374,39730,10669,39127,11024,38698,11379
강원도 평창군,43577,8685,43627,8992,43666,9318,43660,9530,43500,9694,43318,9837,43092,10399,42610,10675,42106,11200,41706,11724
강원도 정선군,40181,7978,39915,8185,39985,8503,39425,8709,39197,8872,38718,9008,38173,9329,37700,9508,37271,9837,36956,10248
강원도 철원군,48084,8143,47968,8479,47473,8713,47590,8899,48799,9060,48013,9112,47185,9264,46413,9464,45584,9830,44799,10117
강원도 화천군,24945,4510,25020,4603,25079,4668,27143,4791,27020,4821,26264,4806,26022,4946,25084,5064,24917,5319,24855,5555
강원도 양구군,22285,3802,22799,3887,23594,4009,23888,4051,24089,4082,24010,4108,23835,4259,23408,4324,22764,4493,22315,4651
강원도 인제군,31970,5212,32456,5396,32517,5472,32475,5537,33255,5573,32720,5602,32582,5859,32136,6014,31672,6194,31538,6478
강원도 고성군,30057,6446,30124,6600,30398,6761,30269,6888,30060,6996,30114,7151,30029,7300,28144,7416,27260,7659,26787,7898
강원도 양양군,27942,6144,27802,6387,27659,6585,27521,6764,27479,6922,27218,6981,27207,7314,27347,7556,27726,7945,27940,8260
충청북도,1562903,209473,1565628,215245,1572732,222188,1578933,228900,1583952,234813,1591625,240690,1594432,252434,1599252,261763,1600007,273425,1598536,284676
충청북도 청주시,661946,54728,666852,57500,672904,60509,831521,86048,831912,88656,835197,91553,835590,96483,837749,100841,839566,106373,844110,111730
충청북도 청주시 상당구,241621,23382,240433,24415,246128,25758,179792,22544,176424,22996,173701,23576,171129,24560,176818,25878,178352,27300,187003,28840
충청북도 청주시 서원구,,,,,,,224727,22880,220045,23602,217120,24187,216782,25658,209404,26615,203209,27930,197483,29248
충청북도 청주시 흥덕구,420325,31346,426419,33085,426776,34751,252027,21790,253426,22542,253563,23459,253912,24786,254302,25874,262137,27694,265838,29144
충청북도 청주시 청원구,158369,22688,154780,22037,155002,22528,174975,18834,182017,19516,190813,20331,193767,21479,197225,22474,195868,23449,193786,24498
충청북도 충주시,208433,30664,208447,31704,208115,32525,208527,33312,207913,33948,208350,34790,208316,36703,210504,38138,210737,39811,210299,41388
충청북도 제천시,137689,20851,137521,21701,137204,22407,136805,23048,136138,23594,136517,24131,136432,25691,135386,26619,134617,27790,133246,28887
충청북도 보은군,34717,9625,34438,9766,34318,9853,34240,10020,34296,10124,34221,10187,34053,10461,33680,10648,32949,10909,32522,11176
충청북도 옥천군,53496,11718,53244,11950,52763,12232,52469,12550,52404,12932,52267,13255,51766,13720,51465,14123,51023,14557,50745,15006
충청북도 영동군,50621,12603,50663,12805,50539,13054,50803,13360,50693,13621,50552,13750,50240,14111,49715,14373,48738,14601,47679,14979
충청북도 증평군,34009,4523,34279,4665,34546,4830,34771,4952,36671,5150,37308,5323,37783,5626,37317,5846,37392,6143,37122,6370
충청북도 진천군,63051,9771,63458,9980,64606,10296,65174,10648,67981,10988,69950,11306,73677,11889,78218,12395,81084,13002,82362,13563
충청북도 괴산군,37333,10421,37713,10621,38059,10841,38351,11171,38787,11454,38973,11592,39054,11898,39133,12103,39163,12527,37368,12826
충청북도 음성군,91644,14765,92980,15243,93505,15618,95324,16083,96396,16517,97787,16906,97306,17685,95830,18303,94982,19067,93813,19794
충청북도 단양군,31595,7116,31253,7273,31171,7495,30948,7708,30761,7829,30503,7897,30215,8167,30255,8374,29756,8645,29270,8957
충청남도,2101284,315079,2028777,309840,2047631,320195,2062273,330807,2077649,341214,2096727,350108,2116770,362946,2126282,372515,2123709,386674,2120559,401478
충청남도 천안시,571377,46056,581988,48155,591089,50474,598346,52610,605776,54835,617955,57001,631531,60562,646075,63526,652258,67177,658670,71067
충청남도 천안시 동남구,252942,24717,257908,25899,260575,27149,261768,28276,261474,29379,258919,30187,255878,31750,257978,33147,259411,34905,258685,36779
충청남도 천안시 서북구,318435,21339,324080,22256,330514,23325,336578,24334,344302,25456,359036,26814,375653,28812,388097,30379,392847,32272,399985,34288
충청남도 공주시,124748,22774,117298,21894,116369,22474,113621,23092,111261,23779,109931,24213,108432,25008,107581,25546,106474,26448,105192,27505
충청남도 보령시,106421,19756,105559,20453,104938,21139,104321,21817,104754,22460,103873,22968,103198,23622,101990,24116,101114,24988,100415,25976
충청남도 아산시,274523,28890,280490,30079,287073,31374,293954,32581,297737,33862,302929,35067,311453,36969,312822,38206,314395,40045,314282,41759
충청남도 서산시,161489,23413,163315,24195,165837,25115,167611,26187,170099,27148,170788,28030,171678,29012,174162,29878,174690,31101,175330,32187
충청남도 논산시,127533,25060,126653,25728,125844,26363,124784,26997,124232,27608,123213,28057,122240,28630,120230,29161,118842,30106,117226,30962
충청남도 계룡시,42942,3151,41550,3203,40957,3292,40552,3446,41730,3595,42634,3847,43967,4175,43731,4446,42971,4764,42811,5016
충청남도 당진시,150219,23333,155104,24328,159615,25140,162844,25975,165122,26853,166630,27445,167439,28386,167770,28986,167042,29933,165991,31046
충청남도 금산군,56030,13039,55715,13357,55441,13670,55166,14019,54879,14327,54612,14606,53894,14982,53222,15181,52257,15613,51563,16002
충청남도 부여군,74004,18938,73259,19214,72547,19532,71754,20078,71143,20530,70187,20772,69086,21209,68078,21508,66740,22051,65613,22586
충청남도 서천군,59541,16008,58920,16491,58441,16911,57713,17192,56910,17453,56012,17584,55175,17931,53922,18048,52805,18417,52026,18897
충청남도 청양군,32291,9354,32087,9481,32155,9704,32248,9976,32485,10179,32753,10329,32837,10458,32296,10516,31717,10762,30797,11017
충청남도 홍성군,88108,18315,88415,18735,89704,19306,91866,20006,94553,20625,99971,21315,101570,21895,101082,22363,100423,22991,99909,23746
충청남도 예산군,86421,19376,85876,19970,85205,20480,84919,21036,83484,21607,81339,22006,80338,22601,80083,23067,79238,23711,78370,24464
충청남도 태안군,62747,13996,62548,14557,62416,15221,62574,15795,63484,16353,63900,16868,63932,17506,63238,17967,62743,18567,62364,19248
전라북도,1874031,291919,1873341,303586,1872965,312764,1871560,322626,1869711,333524,1864791,341203,1854607,351282,1836832,358410,1818917,370676,1806441,382852
전라북도 전주시,645894,64549,648863,68434,650082,71736,652877,75226,652282,78948,651744,81555,648964,85157,651091,88563,654394,93161,656688,97328
전라북도 전주시 완산구,362636,35946,363986,38100,363694,39875,364872,41803,365605,43957,361845,45324,359012,47420,345065,48608,338839,50917,339975,53242
전라북도 전주시 덕진구,283258,28603,284877,30334,286388,31861,288005,33423,286677,34991,289899,36231,289952,37737,306026,39955,315555,42244,316713,44086
전라북도 군산시,275659,34921,278341,36763,278319,38073,278098,39555,278398,41317,277551,42810,274997,44580,272645,45913,270131,48059,268025,50123
전라북도 익산시,309804,40520,306469,42234,306539,43731,304117,45251,302061,47026,300479,48531,300187,50357,294062,51541,287771,53525,283064,55567
전라북도 정읍시,120466,25448,119392,26141,118328,26685,117183,27327,115977,27944,115173,28228,113776,28587,112169,28804,110541,29490,108963,30100
전라북도 남원시,87455,18451,87000,19121,86460,19611,85643,20003,84856,20468,84188,20711,83281,21167,82554,21444,81441,22050,80905,22575
전라북도 김제시,93111,22607,92317,23295,91218,23593,90108,24040,88721,24524,87782,24850,86926,25155,85331,25257,83895,25650,82914,26224
전라북도 완주군,84660,15715,86164,16294,86978,16788,90377,17430,95303,18326,95480,18813,95975,19377,94444,19780,92220,20438,91806,21212
전라북도 진안군,28473,7643,26963,7736,26703,7872,26474,7996,26203,8110,26069,8133,26271,8309,25963,8435,25697,8613,25444,8830
전라북도 무주군,25863,6953,25321,7049,25398,7177,25390,7245,25220,7441,24949,7527,24809,7701,24589,7715,24303,7891,24032,8022
전라북도 장수군,23215,6360,23191,6493,23243,6641,23335,6700,23277,6832,23628,6974,23003,7111,23221,7198,22441,7304,22149,7504
전라북도 임실군,30789,8941,29956,9104,29739,9219,29966,9353,30271,9529,30197,9552,30162,9669,30072,9770,28902,9830,27566,9941
전라북도 순창군,29497,8590,30055,8832,30272,9024,30368,9160,30248,9184,29949,9193,29698,9286,29209,9279,28382,9312,27871,9431
전라북도 고창군,60065,16248,60440,16659,60522,16939,60090,17381,60046,17656,60597,17857,60472,18147,57041,18076,55504,18370,54656,18691
전라북도 부안군,59080,14973,58869,15431,59164,15675,57534,15959,56848,16219,57005,16469,56086,16679,54441,16635,53295,16983,52358,17304
전라남도 ,1914339,356349,1909618,366524,1907172,374565,1905780,383808,1908996,391837,1903914,398916,1896424,408451,1882970,413132,1868745,422548,1851124,432929
전라남도 목포시,244871,26270,245073,27753,240936,28908,239109,30179,238382,31203,237739,32445,234379,33834,232327,34821,229861,36087,225684,37461
전라남도 여수시,292750,37830,292217,39671,291366,41369,290900,43225,290168,44997,288988,46632,286382,48569,283300,49609,282786,51995,280545,54007
전라남도 순천시,272201,31827,273798,33101,275668,34242,277188,35594,278765,36795,278548,37961,279331,39498,279389,40542,279598,42273,282200,43930
전라남도 나주시,88243,21288,88067,21535,87754,21792,90669,22355,98182,22957,104376,23489,110110,24178,113839,24658,114664,25257,114522,25842
전라남도 광양시,150725,14014,150837,14549,151621,15074,152097,15657,153587,16369,155580,17026,155857,17712,156564,18319,156750,19300,150848,19844
전라남도 담양군,47819,12052,47612,12402,47365,12670,47177,12946,47009,13208,47229,13329,47285,13623,46917,13816,46535,13960,45938,14309
전라남도 곡성군,31332,9371,30878,9562,31009,9634,30732,9782,30672,9862,30400,9912,30131,10035,29624,10028,28887,10084,28173,10169
전라남도 구례군,27422,7611,27077,7784,27115,7919,27170,7997,27308,8119,27412,8250,27525,8447,27117,8510,26563,8676,25650,8828
전라남도 고흥군,72607,23703,71560,24183,70631,24455,69641,24848,68601,25102,67656,25364,66736,25496,65777,25568,64913,25806,64085,26212
전라남도 보성군,47894,14439,47050,14675,46385,14818,45882,15084,45349,15182,44469,15269,43755,15441,42803,15376,41420,15429,40689,15626
전라남도 화순군,68985,14343,68378,14662,67829,14950,66772,15187,65848,15409,65303,15516,64680,15828,63933,15996,62737,16286,62655,16700
전라남도 장흥군,42552,11988,42672,12211,43004,12342,43190,12506,43513,12641,40669,12610,40136,12682,39312,12611,38563,12720,37839,12876
전라남도 강진군,41599,11182,40241,11335,40079,11482,39861,11564,38758,11656,37753,11655,36868,11773,36144,11828,35286,11883,34749,12026
전라남도 해남군,78346,20222,78150,20593,77684,20899,76981,21159,76194,21362,75121,21549,73604,21862,71901,21811,70354,21957,69153,22219
전라남도 영암군,60139,12726,59997,12994,59061,13087,58852,13315,58137,13459,57045,13574,55616,13777,54731,13835,54593,14074,53998,14327
전라남도 무안군,75718,14482,75741,14839,79367,15262,81696,15592,82236,15875,82109,16175,82872,16467,81991,16599,81105,16858,84433,17362
전라남도 함평군,36134,10878,35780,11077,35610,11115,35090,11233,34876,11263,34397,11302,34328,11447,33420,11421,32861,11564,32209,11708
전라남도 영광군,56863,13543,57224,13965,57617,14197,56833,14493,56267,14710,55618,14773,54774,15002,54127,15045,53852,15194,53308,15455
전라남도 장성군,46245,11473,46289,11798,46292,12046,46273,12263,46360,12445,46104,12546,46111,12805,45795,12936,45739,13067,44810,13344
전라남도 완도군,54037,14460,53871,14751,53619,14978,53174,15249,53014,15369,52668,15623,52109,15760,51477,15734,50689,15921,50065,16166
전라남도 진도군,33502,9668,33208,9796,32998,9888,32746,9953,32476,10116,32078,10105,31765,10191,31219,10111,30715,10085,30300,10242
전라남도 신안군,44355,12979,43898,13288,44162,13438,43747,13627,43294,13738,42652,13811,42070,14024,41263,13958,40274,14072,39271,14276
경상북도,2699195,424386,2698353,437519,2699440,452417,2700794,467352,2702826,479634,2700398,492417,2691706,512681,2676831,529349,2665836,549415,2640003,568377
경상북도 포항시,517088,52642,518913,55602,519467,58746,519368,62118,519584,65214,516775,68296,513832,72952,510013,77024,507025,82001,503731,86697
경상북도 포항시 남구,252556,24279,251434,25751,249709,27212,247649,28781,246445,30086,244748,31515,242469,33852,239400,35780,235633,37998,230967,40045
경상북도 포항시 북구,264532,28363,267479,29851,269758,31534,271719,33337,273139,35128,272027,36781,271363,39100,270613,41244,271392,44003,272764,46652
경상북도 경주시,265488,41669,264091,42997,263283,44500,261535,46118,259773,47334,259452,48789,257903,50780,256864,52504,255402,54639,253396,56647
경상북도 김천시,136185,24899,135504,25603,135259,26385,135456,27130,140132,27839,142256,28488,142908,29536,141104,30318,141229,31252,140468,32268
경상북도 안동시,168157,30728,168302,31527,168461,32558,168697,33358,169221,33954,168798,34672,166272,35948,162180,36850,160052,37906,158929,39017
경상북도 구미시,413446,25636,416949,26773,419428,28038,420320,29136,419915,30252,419891,31554,421799,33605,421494,35432,419742,37540,416626,39435
경상북도 영주시,114148,21482,113547,22065,112625,22790,110780,23503,109735,24080,109247,24577,108371,25541,106801,26341,105067,27259,103503,27982
경상북도 영천시,104182,21932,101798,22447,100778,23146,100689,23869,100648,24394,100521,25063,100615,25940,101595,26844,102470,27672,101693,28560
경상북도 상주시,104685,25227,104182,25903,103346,26429,102892,27105,102374,27563,101799,27769,100947,28535,100297,29100,100688,29822,97689,30346
경상북도 문경시,76727,17165,75899,17591,75664,18015,75911,18472,75784,18896,74702,19285,73294,19877,71874,20324,72242,20891,71250,21427
경상북도 경산시,243684,28662,246358,30060,248805,31728,253968,33515,256888,35004,258037,36375,259485,38370,261093,40066,263185,42079,262311,43938
경상북도 군위군,24268,7832,24119,8012,24172,8174,24170,8382,24126,8511,24171,8670,24215,8898,23919,8983,23843,9176,23345,9382
경상북도 의성군,57744,18628,57043,18965,56064,19231,55212,19472,54477,19653,54014,19896,53474,20289,52944,20570,52595,21005,51895,21400
경상북도 청송군,26569,7786,26481,7977,26470,8176,26453,8325,26384,8434,26301,8600,26006,8773,25678,8957,25416,9135,25080,9317
경상북도 영양군,18241,5602,18208,5629,18297,5747,18197,5835,17898,5832,17713,5878,17479,5963,17356,6084,16993,6118,16669,6251
경상북도 영덕군,40794,12029,40257,12186,40142,12419,39586,12639,39191,12743,39052,12897,38529,13141,38108,13287,37361,13458,36592,13692
경상북도 청도군,44298,12501,43968,12797,43788,13169,43993,13615,43724,13899,43564,14274,43346,14779,43057,15172,42910,15541,42432,15973
경상북도 고령군,35455,7953,35343,8136,35198,8360,35033,8537,34594,8717,34257,8889,33768,9253,32969,9380,32373,9648,31394,9827
경상북도 성주군,45640,10729,45127,11009,45067,11369,44981,11697,45029,12013,45205,12398,45138,12839,44672,13142,44015,13477,43231,13869
경상북도 칠곡군,118838,13492,119786,13914,121182,14375,122058,14820,122829,15200,123199,15479,120864,16166,118828,16692,117047,17488,114719,18111
경상북도 예천군,46579,13927,46027,14123,45573,14375,45104,14644,44674,14793,46166,15043,49253,15458,53274,15876,55100,16389,55416,16762
경상북도 봉화군,34192,9737,33934,9971,33894,10190,34023,10425,33808,10551,33539,10706,33259,10946,32843,11040,32150,11222,31637,11514
경상북도 울진군,52045,12173,51844,12218,51953,12447,52104,12593,51885,12654,51738,12665,50974,12854,50036,13073,49314,13356,48806,13586
경상북도 울릉군,10742,1955,10673,2014,10524,2050,10264,2044,10153,2104,10001,2154,9975,2238,9832,2290,9617,2341,9191,2376
경상남도,3308765,399530,3319314,414831,3333820,431645,3350257,449017,3364702,464019,3373871,480278,3380404,504460,3373988,523165,3362553,548257,3343770,573091
경상남도 창원시,1091881,91563,1091471,96199,1083731,101571,1075168,107030,1070064,111795,1063907,117208,1057032,124875,1053601,131613,1044740,140151,1038101,148429
경상남도 창원시 의창구,254419,19123,255394,20098,255816,21350,258250,22699,256471,23784,252435,24846,253349,26708,252896,28327,258582,30631,263271,32657
경상남도 창원시 성산구,247720,10496,246801,10975,242870,11445,238414,12079,234399,12626,231571,13543,227942,14585,227337,15687,220945,16838,215811,18013
경상남도 창원시 마산합포구,186399,24550,185505,25690,183365,27017,182223,28297,181670,29366,181797,30525,181917,32363,180535,33800,177784,35512,174916,37324
경상남도 창원시 마산회원구,223235,20114,221388,21432,219558,22924,214291,24224,211791,25402,210791,26727,203926,28229,199457,29471,193807,31284,191582,33174
경상남도 창원시 진해구,180108,17280,182383,18004,182122,18835,181990,19731,185733,20617,187313,21567,189898,22990,193376,24328,193622,25886,192521,27261
경상남도 진주시,335502,40296,337314,42193,337071,44016,340241,45998,344426,47815,346739,49318,346681,51488,345987,53260,347334,55899,347598,58365
경상남도 통영시,140195,17048,139347,17772,139719,18685,139439,19560,139168,20146,138160,20895,135833,22054,133720,22844,131404,23895,129064,24936
경상남도 사천시,114133,18363,115321,19024,116851,19738,116485,20427,115452,20899,114912,21502,114252,22118,113888,22641,111925,23428,111442,24337
경상남도 김해시,507062,37543,513260,39588,522049,41790,527240,43802,528865,45896,529422,47975,532132,51219,533672,53753,542455,57532,542435,60817
경상남도 밀양시,109329,22018,108755,22721,108342,23527,107765,24163,107896,24796,108354,25611,107898,26719,106744,27561,105552,28549,104932,29580
경상남도 거제시,232787,17009,236944,17710,242077,18470,248287,19366,255828,20073,257183,20932,254073,22240,250516,23456,248276,24892,246231,26378
경상남도 양산시,266403,24253,270460,25896,279565,27927,292376,30225,301291,32386,317037,35131,338535,38921,348639,41664,350759,44631,351874,47599
경상남도 의령군,30045,9174,30329,9274,29417,9273,29209,9407,28544,9451,28111,9450,27849,9630,27667,9584,27168,9689,26839,9881
경상남도 함안군,66971,12369,67425,12675,67667,13013,68741,13354,69156,13749,68937,13964,68207,14443,67025,14825,65700,15354,64438,15945
경상남도 창녕군,62490,15460,62966,15821,63447,16205,63502,16563,63817,16848,63982,17149,64101,17724,63396,18034,62331,18426,61478,18925
경상남도 고성군,57264,13280,56906,13532,56369,13793,55916,14092,55284,14222,54703,14462,54060,14842,53243,15158,52276,15577,51539,16004
경상남도 남해군,50242,15251,48223,15308,47244,15354,46638,15577,45865,15584,45129,15692,44642,15837,43990,15910,43622,15987,42889,16235
경상남도 하동군,53975,13645,50806,13735,50177,13997,49223,14172,50259,14407,49622,14514,48831,14721,47533,14849,46574,15120,45132,15415
경상남도 산청군,35651,10579,35691,10844,35935,11055,35849,11294,36071,11542,36098,11638,36340,11916,35952,12091,35417,12444,34978,12766
경상남도 함양군,41081,11404,40714,11624,40692,11790,40584,11989,40339,12163,40241,12274,40175,12558,40044,12620,39637,12836,39150,13130
경상남도 거창군,63146,14221,63103,14591,63177,14916,63137,15214,63232,15359,63308,15591,62763,15981,62455,16214,62179,16603,61455,16956
경상남도 합천군,50608,16054,50279,16324,50290,16525,50457,16784,49145,16888,48026,16972,47000,17174,45916,17088,45204,17244,44195,17393
제주특별자치도,576156,72580,583713,75925,593806,79305,607346,82411,624395,85893,641597,89189,657083,93117,667191,96207,670989,100397,672948,104872
제주특별자치도 제주시,422790,47741,429656,50099,438165,52369,448834,54534,459876,56914,470665,59159,478700,61653,485946,63813,489405,66690,491446,69823
제주특별자치도 서귀포시,153366,24839,154057,25826,155641,26936,158512,27877,164519,28979,170932,30030,178383,31464,181245,32394,181584,33707,181502,35049
