,행정구역,2011년 65세이상 인구 비율,2012년 65세이상 인구 비율,2013년 65세이상 인구 비율,2014년 65세이상 인구 비율,2015년 65세이상 인구 비율,2016년 65세이상 인구 비율,2017년 65세이상 인구 비율,2018년 65세이상 인구 비율,2019년 65세이상 인구 비율,2020년 65세이상 인구 비율
0,서울특별시,10.193002141823174,10.84402664046379,11.45256956449087,12.040987276053121,12.596419881061816,13.049532878927147,13.79570082494152,14.441444237607781,15.1983527367928,15.928518876546102
1,서울특별시 종로구,13.540639735838747,14.363798144146433,14.901605547572938,15.526806927697411,15.970474752558294,16.3352691227404,16.81850487820637,17.35994512135367,18.056712274439818,18.801349765258216
2,서울특별시 중구,13.460166825583928,14.014697060587883,14.679799179856667,15.414047553976495,15.97114520452069,16.277974275243714,16.822980057116038,17.299661960628356,18.208621632546308,19.027821939586644
3,서울특별시 용산구,12.828751201820682,13.479311932640442,14.088178860432135,14.65177091853817,15.150294417635916,15.439039962474101,15.922430081907478,16.249852619443754,16.769143306948877,17.20035163151802
4,서울특별시 성동구,10.860593726202234,11.367004445868547,11.791392310339182,12.349114784218099,12.802900980798174,13.078971726831941,13.500957980105511,13.830660467651457,14.555533768266704,15.29106095923083
5,서울특별시 광진구,8.984879118988214,9.571170414178873,10.141030610391757,10.68049340312753,11.15662002003502,11.559424996150778,12.241999647752465,12.777626216746024,13.57079834922442,14.305702399558701
6,서울특별시 동대문구,12.101421121465664,12.835230056874178,13.427017648851274,13.955956633038848,14.530213548130932,15.011448479028019,15.841287676780352,16.374277406824266,17.091572933095318,17.773564526618973
7,서울특별시 중랑구,10.308090987618773,11.066671436578066,11.741179180322362,12.396021354420347,13.051419514917532,13.586696025595796,14.499076491943189,15.314142293450791,16.38854955102452,17.309979621057735
8,서울특별시 성북구,11.353316665670455,12.036766094505216,12.663531890161126,13.269381580695342,13.746012737466659,14.183921572981314,14.890272601366947,15.519836280708837,15.971760984976843,16.647449848653345
9,서울특별시 강북구,12.593101369640694,13.447780462004271,14.30882739358797,15.14961570032087,15.868021869418175,16.492917067803603,17.39311326773073,18.204747402589263,19.26205749886926,20.27090672137705
10,서울특별시 도봉구,10.88182114105801,11.657051370524748,12.391586861582567,13.128871473442857,13.823232984665843,14.492562173338694,15.528843639406563,16.4772710532596,17.59768659895249,18.744194005769323
11,서울특별시 노원구,9.700461974069842,10.239639377148608,10.793101871531418,11.400012359411692,11.981384760774336,12.477338036333139,13.37979772836727,14.166752490105782,15.172310261678913,16.088154584517948
12,서울특별시 은평구,11.442688307531492,12.094001754805776,12.744311638803953,13.409165657262495,13.980157455012854,14.508134680025067,15.283672354219648,15.989958546928065,16.783672755149656,17.479534665431757
13,서울특별시 서대문구,12.621803259944356,13.251119439693063,13.857884180701028,14.492744284351883,14.870523257117776,15.05534796972571,15.63235294117647,16.127265051738085,16.69214633626053,17.05426356589147
14,서울특별시 마포구,10.884919626283398,11.446168405070663,11.91758149668985,12.21879467308705,12.472300544573228,12.650963958177588,13.164583972367069,13.475633003356643,13.930247169382545,14.3796116816775
15,서울특별시 양천구,8.197357110013796,8.749957149569177,9.318454991391352,9.886039475876196,10.377436371591555,10.87560362457325,11.702330872708286,12.482307700593513,13.346065282158174,14.175214799228474
16,서울특별시 강서구,9.164393960693902,9.805773741653171,10.425782416925863,10.957174106227356,11.508231563436851,11.904414049052454,12.605307375380386,13.308507091895622,14.166875071815287,15.04428115103574
17,서울특별시 구로구,9.696632262531931,10.427348428143713,11.146120612569534,11.886170804849812,12.591093884745504,13.210122835294372,14.17264365465426,15.1064161168068,15.966989947475065,16.83741022094339
18,서울특별시 금천구,10.171378338632424,10.88257538390714,11.595718197659945,12.263118387338915,13.011884003995192,13.584495254603077,14.39142009066399,15.113907924605735,15.976976933980499,16.72187355970313
19,서울특별시 영등포구,10.873257297272817,11.603493030290643,12.228084384080566,12.86353935640457,13.431562149937648,13.811172301025598,14.461809795143129,14.929114846456287,15.491000277416653,15.910337300002661
20,서울특별시 동작구,10.99430006377551,11.59261241309918,12.137580175991626,12.797751981740987,13.334880853432374,13.72878101332429,14.403975599229716,14.95824110367665,15.656513361096872,16.36547970545338
21,서울특별시 관악구,10.016204499645704,10.752367459548132,11.45362798922066,12.130299735378596,12.69015015804561,13.151596820367326,13.854443797598634,14.321545471026404,14.954588537354976,15.591266291463254
22,서울특별시 서초구,8.979758467031395,9.573514403140832,10.085498332816464,10.528867322839899,11.006034505913636,11.38347734306517,12.042339413559676,12.596583485232205,13.238755321173745,13.94195897269776
23,서울특별시 강남구,8.315391278216753,8.898664828065375,9.457078525689363,9.909983152111867,10.440853780171553,10.901139980427251,11.677490812062628,12.34539903090913,13.00440780748722,13.68661158863946
24,서울특별시 송파구,8.108365618161004,8.667315391872117,9.214634620707194,9.761891151100134,10.320580582824222,10.780580422631344,11.503756230285811,12.182228655861154,12.897489648071412,13.719639998746889
25,서울특별시 강동구,8.516009678109942,9.192363267439358,9.872584452365535,10.526083882189774,11.304283365819412,11.959663910952614,12.855809987093759,13.721399620649574,14.525520160892707,14.992642853088473
52,인천광역시 ,8.94335934292754,9.390322931130694,9.808763302222182,10.264941046121281,10.69462696718692,11.017580627569384,11.70151213718509,12.27475274500261,13.004552547052342,13.782453536096037
53,인천광역시 중구,12.350797704662272,12.940961803584461,12.983650973333086,13.292354975028815,13.45933812547492,13.654782254075956,14.104356816583191,14.27113690724006,14.116254116254115,14.527024601755937
54,인천광역시 동구,13.688812077466578,14.66371220020855,15.535402767235295,16.367028035361862,17.1762825371016,17.797899005829837,18.950307251716147,20.01117267827216,21.3435360951154,22.678971361405402
55,인천광역시 미추홀구,10.992210451774657,11.706393244873341,12.362823037463837,13.0370678781793,13.636689199368723,13.77045957473334,14.49148156186869,15.084433262432121,16.054805777988662,16.948698884758365
56,인천광역시 연수구,7.132610636221227,7.396040179227517,7.656882169794042,7.839319221249876,8.021576420144678,8.183442017850025,8.629774841708887,9.0157899751414,9.37007229573046,9.769541708226154
57,인천광역시 남동구,7.9853633627936365,8.413473471843558,8.85407113314833,9.30815923646086,9.741905738668976,10.16249138388872,10.889190387977143,11.588331989850342,12.469025950621733,13.350331270200847
58,인천광역시 부평구,8.673181967283256,9.194396893284464,9.677459895688393,10.16190537745605,10.678175891077354,11.085724264893145,11.845553495659711,12.66087221713937,13.595020886396378,14.567726179047282
59,인천광역시 계양구,6.777248844754123,7.2132833823297355,7.626103093023391,8.09629555454765,8.557661246904274,9.011032929236656,9.799434190695031,10.591979020084432,11.547396621093943,12.53142434630638
60,인천광역시 서구,6.832303833225568,7.03552130618638,7.312130766169764,7.6888061826479985,8.067878701402678,8.364252946255675,8.939434165928642,9.27875439104635,9.859592034611683,10.515031332529698
61,인천광역시 강화군,24.826667065993803,26.011205656759344,26.975350265977372,27.91501534610686,28.533849586947845,28.819291280694014,29.745178462344008,30.695541105434277,31.660354447945878,32.773997393948164
62,인천광역시 옹진군,19.445727482678983,19.97604670891761,19.900473475698135,20.77959715983191,21.329071653468183,21.390098824411037,22.416910026421917,23.602395892755275,24.919770494991734,26.526315789473685
83,경기도,8.98403883922943,9.387364026970639,9.771631835208748,10.15101356791605,10.532009072233048,10.80835714701363,11.401638742587227,11.866504888334639,12.47267869144131,13.05748932758262
84,경기도 수원시,7.219824913251305,7.517107666269735,7.771323956566915,8.045456248701274,8.420393306230501,8.709248677390475,9.285248638814329,9.76184807095772,10.351663715554663,10.953583318053436
85,경기도 수원시 장안구,8.244701871827738,8.658575458343758,8.896074547702288,9.238834513074542,9.737271584129276,10.15788639330273,10.897872224566752,11.582813432809766,12.421644029499564,13.164624187464307
86,경기도 수원시 권선구,7.053453558173711,7.356155282248003,7.741437669732015,8.001530154339607,8.345178648238301,8.628516740003292,9.217755631705469,9.683646368169216,10.428670572475347,11.042987924436451
87,경기도 수원시 팔달구,9.30248078866579,9.940810661818041,10.461658650911843,11.066989713926253,11.655286675369013,11.994055864796112,12.891144321844076,13.588139732779295,14.416658137445554,15.19450591551873
88,경기도 수원시 영통구,4.662304627413316,4.816413790240561,4.940274438232085,5.135904014946106,5.403801714498695,5.619191320225214,6.008815559290639,6.435615761333513,6.76992303266498,7.210711974898547
89,경기도 성남시,8.937602813372095,9.468892261001518,9.964738334759181,10.459897722981957,10.951551536713113,11.260645611442879,11.940548418104207,12.584521143776845,13.34505114964719,13.991333460043343
90,경기도 성남시 수정구,9.803365195258404,10.542015495925162,11.391217836058676,12.106164919767917,12.824612469309574,12.917828045747957,13.55874259281144,14.304262961650002,15.199123905947722,15.734709660343338
91,경기도 성남시 중원구,9.115556043818074,9.724558162618214,10.239556229983343,10.918240191759729,11.518615702148766,12.106729884115355,13.009732338973635,13.802165551281767,14.779518362486991,15.67157626202173
92,경기도 성남시 분당구,8.426098851591552,8.824925876491385,9.164919255461419,9.491130804849655,9.849787502814367,10.09527023003791,10.681670971508082,11.218806086459706,11.806641325396257,12.36784043043749
93,경기도 의정부시,10.197258364312267,10.770668325771823,11.300165206415206,11.804589062702963,12.278740923221573,12.63430621474854,13.249800717417298,13.738127088804678,14.444926394433772,15.075729968817713
94,경기도 안양시,8.201194850253883,8.631332064140055,9.07749429572101,9.536308543979867,10.005035221457739,10.323661648371147,11.000163330860685,11.733072598386702,12.634469282806979,13.505131161822275
95,경기도 안양시 만안구,9.444003086548806,10.040553548040963,10.615154687787218,11.178052281503346,11.692886318599102,12.00857528937639,12.749777430905532,13.603724673176629,14.746862652772943,15.691759072999616
96,경기도 안양시 동안구,7.27383603023556,7.6332700044702735,8.00154349035738,8.387695406428398,8.814358137504671,9.091436006966884,9.659632137072661,10.286826161398505,11.036247440436915,11.822554544233437
97,경기도 부천시,7.639274137717606,8.152248880387702,8.65245681470847,9.169738635274536,9.706862413676534,10.126852874157251,10.88249371713772,11.575456760626142,12.540903811584633,13.424209245742091
98,경기도 광명시,8.33947965520542,8.80329620879739,9.232228830359672,9.748680284599494,10.293699888108806,10.766044938789458,11.515069563388323,12.198286016748206,13.077472263640729,13.807400044468277
99,경기도 평택시,10.283073232666332,10.577359229113181,10.787179266753236,11.02601461445207,11.19053616252508,11.275784143813503,11.614229643012896,11.799443953498695,12.067590984490096,12.345881997203008
100,경기도 동두천시,13.50191682337174,14.191921790583997,14.839529710835716,15.35836876889185,15.949129360850838,16.455528760544176,17.472777657590836,18.389000893729346,19.356744892790815,20.340571452913174
101,경기도 안산시,6.6137403470721905,6.92524765489968,7.239100643718491,7.59737581158282,7.9687914197897936,8.284301574669605,8.866181700137227,9.488099366541327,10.206815605037809,10.783085056732542
102,경기도 안산시 상록구,6.929479101029195,7.262891947708855,7.607476782087508,7.959204000964593,8.331642587815566,8.678832641137454,9.26218630645405,9.92924720258426,10.737842159175655,11.240122190829952
103,경기도 안산시 단원구,6.254444198789385,6.539010409171583,6.813452332412148,7.174416609471517,7.536247361543874,7.8120521525340605,8.387899637093359,8.971095147879172,9.609376275281175,10.260438875586315
104,경기도 고양시,9.277505386277502,9.676404967028072,9.997062300430763,10.34593113976588,10.70998281342149,10.973718937677218,11.548460963374643,12.121560368860425,12.68550411637444,13.312933788543102
105,경기도 고양시 덕양구,10.240613324077666,10.663230439858888,11.058464131978534,11.430813127469529,11.824529172737721,12.19362978533636,12.803220083622326,13.379983083545529,13.900681530042453,14.497861037090843
106,경기도 고양시 일산동구,8.501411388194683,8.852310169569675,9.116615488632842,9.460358119258146,9.818034152728087,9.984552923325085,10.540975847285928,11.134516901118415,11.794901082067115,12.39574307212087
107,경기도 고양시 일산서구,8.722949964299445,9.130840608356669,9.370018642098723,9.644263992148533,9.916972324108036,10.126346650534007,10.656952333909606,11.199023921322143,11.689359156163333,12.366736334087149
108,경기도 과천시,9.68383017163505,10.212753982101649,10.637875825328006,11.014025885170192,11.500304586197894,12.128006522625356,12.992160203035096,13.350073956864229,13.86882602206248,14.12668193991804
109,경기도 구리시,8.402563615744993,8.92061494949075,9.444854491775622,9.917567712236378,10.372695090536148,10.643414893452311,11.178652482978574,11.692286529798137,12.625900183173162,13.41943891622132
110,경기도 남양주시,9.54372196340441,9.912449398621275,10.274864346883819,10.667875823567872,11.081728782745227,11.475578188759714,12.277983108905326,12.713030265697508,13.25206958950173,13.897158493482145
111,경기도 오산시,6.36849380067254,6.5849189429380255,6.8154385281806675,7.054874979023326,7.4283946080801435,7.675312476037114,8.139638394467688,8.44685781796701,8.948268169750728,9.44082635038757
112,경기도 시흥시,6.393385001582954,6.68585804222937,7.016495910677604,7.306677748524601,7.580551203246154,7.855781259307798,8.223483548743756,8.369308671746674,8.740674123145908,9.18347684100567
113,경기도 군포시,7.993901717404471,8.398032359390744,8.758695834381024,9.12804083104491,9.564933100073386,10.014391519533856,10.767233868530075,11.4518482138988,12.226121253425749,13.019619251959197
114,경기도 의왕시,8.55842306843931,8.82480275528732,9.25881881681396,9.81562574929645,10.357550399391403,10.788259984817845,11.68283397638781,12.437959618532858,12.921261161753117,13.413755191790862
115,경기도 하남시,9.857342129557875,10.470434610204487,11.158818988807411,11.649742101869762,11.59177748585893,11.040212978621607,11.53612890183107,11.91321266434762,12.331210658640876,12.71412270570391
116,경기도 용인시,9.054466075326658,9.519203370456538,9.888611192838487,10.23322990220868,10.670604850032692,10.99436398601187,11.640694326453742,12.082200620987203,12.628903680508566,13.146545913951604
117,경기도 용인시 처인구,10.469885277246654,10.94174535919895,11.305095254199076,11.631410256410255,12.005132213221774,12.27081767125105,12.949950983144248,13.257974132740308,13.852916154645998,14.324350467199318
118,경기도 용인시 기흥구,8.265847983033288,8.76089125374127,9.080758548421555,9.422286092201508,9.926874929734433,10.267449414257737,10.928190468470229,11.422920188254439,12.087139523540175,12.713557696014952
119,경기도 용인시 수지구,9.037727664229447,9.47536108751062,9.936464113106402,10.2943422830621,10.696420140367342,11.036330652928275,11.62846680392751,12.051723608595296,12.427852176222245,12.844953350747637
120,경기도 파주시,10.845059267668102,11.08444676700465,11.396800740818186,11.67113976487062,11.915307768809011,12.066456041468868,12.534258464124537,12.811609213717887,13.360717117434588,13.85086947285363
121,경기도 이천시,10.477792008447151,10.841462640971711,11.204064648942227,11.64310729998927,12.01795691316759,12.065088729267586,12.63711516266151,13.065927191581936,13.549765097250665,14.006677872373377
122,경기도 안성시,12.58582628372883,13.045680807012907,13.368611155330374,13.738619870695343,14.343031870321147,14.547064998687778,15.391769610364031,15.970780971679769,16.75472315367629,17.34527512603239
123,경기도 김포시,10.282730336116796,10.231289487600545,10.419942043835354,10.4921982897946,10.868596245607018,11.144801248063658,11.377686869408201,11.468676891083962,11.956882217459821,12.264547640354944
124,경기도 화성시,7.767360405600224,7.97293954214162,8.264387997382372,8.479057504502073,8.284145677046226,8.250245752001122,8.400256986829426,8.37197287016852,8.515371672169106,8.798960854932988
125,경기도 광주시,9.0965304537331,9.510041501001249,9.836099881757523,10.185773845772909,10.498465987798285,10.74169344232782,11.332082660060646,11.77710826813861,12.436200872659358,13.165444357084443
126,경기도 양주시,10.566979437013375,11.151714841994908,11.769934167909492,12.177342729324202,12.670578602620086,12.995771557030455,13.716025755847388,14.344713783296688,15.029192943314412,15.558761610446897
127,경기도 포천시,13.224914064329893,13.806256703837928,14.39372170392649,14.941783591573705,15.395123459972163,15.69625814955771,16.642798757560897,17.458653003796226,18.6111242156909,19.63085999607586
128,경기도 여주시,15.462793255131965,16.083067092651756,16.669562752073748,16.917000344246553,17.321877279727648,17.72809981804003,18.826796685240748,19.68975566016588,20.76645391283995,21.663139393069805
129,경기도 연천군,20.238307349665924,20.498256540713612,21.03486077614558,21.79529572559134,21.935483870967744,22.136057681835013,22.942484206819135,23.773889274751866,25.077583059510772,26.171140169763706
130,경기도 가평군,19.426193604905826,19.863802348916014,20.515594014782764,21.03148024112525,21.529480067088116,21.72847809377402,22.662093278071556,23.525859054642552,24.71040615236722,25.83332001087113
131,경기도 양평군,18.819269838077037,19.369232726311978,19.903493534066783,20.42911775590962,20.931349015842535,21.20376772293408,22.226662612397377,23.172401912227055,24.34074302240019,25.432100850269773
132,강원도,15.17910140792269,15.708389931302522,16.18005489336125,16.571033421779514,16.88737127357282,17.162172444522398,18.061313092607,18.754131422661064,19.648758159249873,20.518148028945483
133,강원도 춘천시,13.479958211909606,14.002575320817664,14.38013517698712,14.640071648458433,14.78145447612744,14.854991147352933,15.654833626842155,16.224344355758266,16.937975264050394,17.657404649447543
134,강원도 원주시,11.294207202935084,11.615233802121123,11.94814630106792,12.179338327854026,12.343728884818091,12.499593169989852,13.25552166920082,13.718138750835585,14.312959065332246,14.910430392792529
135,강원도 강릉시,14.815853215731876,15.44908859608434,16.076584596367262,16.685742353121075,17.20917225950783,17.61968893502801,18.594825007478313,19.35320275924248,20.198929920071965,21.127877778038535
136,강원도 동해시,13.553713832407832,14.248591541795797,14.720998917419042,15.28732471817432,15.859204430480855,16.210596267832837,17.10374686325403,18.106319572267505,19.153354985528377,19.988959425890148
137,강원도 태백시,15.361926020408163,16.192188794374964,17.17219330245522,18.061254092585685,18.968021725858403,19.685574676014447,20.97716178521618,22.158812251995187,23.535312086809828,24.92023196776673
138,강원도 속초시,13.178100185085675,13.797724308737841,14.311326089833834,14.874078027950311,15.229534588740364,15.590576210678176,16.365028624214506,17.08087461129747,18.115569901939207,19.011120947887992
139,강원도 삼척시,18.095198583914147,18.566716807198155,19.057009435383375,19.698813507757833,20.50706531712757,20.991680914955673,22.02907434976793,22.65755349354565,23.805557208306062,25.11311872514816
140,강원도 홍천군,19.347916279202853,19.86604901974845,20.044451994677086,20.4397382577962,20.9551296633303,21.309720874479137,22.6030707989764,23.454230939684628,24.834417932031815,25.936903591463768
141,강원도 횡성군,22.227231740306582,23.034853748739216,23.657565035494134,23.877636479844842,24.23706228018437,24.62003435454763,25.982584645967027,26.63399392201344,27.888352120236178,29.086528118411426
142,강원도 영월군,22.11497798452698,22.711991034740382,23.389788293897883,23.890920852927273,24.32365227770042,24.74234521997355,25.891631517208673,26.853762899572114,28.174917576098345,29.404620393818803
143,강원도 평창군,19.93023842852881,20.61108946294726,21.339257087894474,21.827759963353184,22.28505747126437,22.708804653954477,24.132089482966677,25.05280450598451,26.599534508146107,28.11106315638038
144,강원도 정선군,19.855155421716734,20.506075410246773,21.265474552957357,22.09004438807863,22.634385284588106,23.265664548788678,24.43873942315249,25.220159151193634,26.39317431783424,27.73027383916008
145,강원도 철원군,16.934947175775726,17.67636757838559,18.35359046194679,18.699306577011974,18.565954220373367,18.978193405952553,19.6333580587051,20.39083877361946,21.564584064584064,22.583093372619924
146,강원도 화천군,18.07977550611345,18.39728217426059,18.613182343793614,17.650959731790884,17.842339008142115,18.29881206213829,19.006994081930674,20.1881677563387,21.346871613757674,22.349627841480586
147,강원도 양구군,17.060803230872786,17.048993376902498,16.99160803594134,16.95830542531815,16.945493793847817,17.10953769262807,17.868680511852318,18.47231715652768,19.737304515902302,20.84248263499888
148,강원도 인제군,16.302783859868626,16.6255854079369,16.828120675339054,17.050038491147035,16.758382198165688,17.121026894865526,17.982321527223622,18.714214588000996,19.55670623894923,20.54030058976473
149,강원도 고성군,21.445919419769105,21.90944097729385,22.241594841765906,22.755954937394694,23.273453093812375,23.74643023178588,24.309833827300274,26.350198976691303,28.09611151870873,29.48445141299884
150,강원도 양양군,21.98840455228688,22.973167398028917,23.807802162044904,24.577595290868793,25.190145201790457,25.648467925637448,26.88278751791818,27.630087395326726,28.655413691120245,29.563350035790982
69,대전광역시,8.956171240093877,9.378236540745895,9.82841328774389,10.336079759291138,10.89878355911837,11.329331669275012,12.026611157967471,12.653563643002116,13.471763613064203,14.178077855883094
70,대전광역시 동구,11.746025429293432,12.311417174383298,12.90549085787922,13.71240727841527,14.609794681503804,15.22095344294111,16.155060820073228,16.878609688699136,17.91278426253798,18.827226818523695
71,대전광역시 중구,11.723452177384727,12.373686701372456,13.016726245975093,13.866329714931174,14.631947100934479,15.235454869499781,16.21078764165458,17.03004242679639,18.150894279191427,19.101189849426135
72,대전광역시 서구,7.657816494498361,8.090825416454352,8.517448794087995,9.018769198519749,9.57260639002239,9.99570274393038,10.631082700103397,11.188186430571346,11.886613662717,12.550854860851116
73,대전광역시 유성구,6.350878027402472,6.496970409255923,6.726800183458187,6.907082064734427,7.203440377916687,7.422018402083783,7.869631602511854,8.353297692901455,8.925131592882106,9.40261596578598
74,대전광역시 대덕구,8.854625765198039,9.33744311773171,9.88696418085731,10.462993282330645,11.125335934443886,11.823777298015445,12.75106740430814,13.625399058195187,14.708723330942039,15.657836064074274
81,세종특별자치시,,15.217871761096918,14.701235336013033,12.667413931144916,10.621479106997212,9.95564662124354,9.58621920742592,9.288629403487771,9.38089994861631,9.756791393449689
82,세종특별자치시,,15.217871761096918,14.701235336013033,12.667413931144916,10.621479106997212,9.95564662124354,9.58621920742592,9.288629403487771,9.38089994861631,9.756791393449689
151,충청북도,13.402815145917565,13.748157288960087,14.127518229424977,14.497131923900508,14.82450225764417,15.122280687976126,15.832221129530765,16.367839464949867,17.088987735678657,17.80854481850894
152,충청북도 청주시,8.267743894517075,8.622602916389244,8.99221880089879,10.348265407608467,10.656896402504112,10.961844929998552,11.546691559257532,12.037137615204555,12.669998546868264,13.23642653208705
153,충청북도 청주시 상당구,9.677138990402325,10.154596082900435,10.465286355067283,12.538933879149239,13.03450777671972,13.572748573698481,14.35174634340176,14.635387799884628,15.306809006907688,15.422212477874686
154,충청북도 청주시 서원구,,,,10.181242129339154,10.725987866118295,11.139922623434046,11.835853530274655,12.709881377624113,13.744469979183993,14.810388742322122
155,충청북도 청주시 흥덕구,7.457562600368763,7.7588006162952405,8.14267906348998,8.645899050498558,8.894904232399202,9.251744142481355,9.761649705409749,10.174516912961753,10.564704715473207,10.963067732980235
156,충청북도 청주시 청원구,14.326036029778555,14.237627600465178,14.534006012825639,10.763823403343336,10.722075410538576,10.654934412225582,11.084962867774182,11.39510711116745,11.971838176731268,12.641780107954133
157,충청북도 충주시,14.711681931364035,15.209621630438432,15.628378540710663,15.974909723920645,16.32798333918514,16.697864170866332,17.618905892970297,18.1174704518679,18.89131951199837,19.680550073942342
158,충청북도 제천시,15.143548141100597,15.780135397502926,16.331156526048805,16.847337451116555,17.330943601345695,17.67618684852436,18.830626246041984,19.66156027949714,20.6437522749727,21.679450039776054
159,충청북도 보은군,27.724169715125157,28.35820895522388,28.71088058744682,29.264018691588785,29.51947749008631,29.76827094474153,30.719760373535372,31.615201900237526,33.1087438162008,34.364430231843066
160,충청북도 옥천군,21.904441453566623,22.443843437758247,23.182912268066637,23.91888543711525,24.677505533928706,25.360169896875657,26.50388285747402,27.441950840376954,28.530270662250356,29.571386343482114
161,충청북도 영동군,24.896781967957963,25.274855417168347,25.829557371534857,26.297659587032264,26.869587517014182,27.199715144801395,28.08718152866242,28.910791511616214,29.95814354302598,31.416346819354434
162,충청북도 증평군,13.299420741568408,13.60891507920301,13.981358189081226,14.241753185125535,14.043794824248042,14.267717379650477,14.89029457692613,15.665782351207225,16.42864783910997,17.159635795485155
163,충청북도 진천군,15.49697863634201,15.726937501969807,15.936600315760147,16.337803418541135,16.163339756696722,16.162973552537526,16.136650515086117,15.846736045411541,16.035222731981648,16.46754571282873
164,충청북도 괴산군,27.913642086090057,28.162702516373667,28.484721090937754,29.128314776668145,29.53051280068064,29.74366869371103,30.465509294822553,30.92786139575294,31.98682429844496,34.32348533504603
165,충청북도 음성군,16.111256601632405,16.393848139384815,16.702850114967113,16.87193151777097,17.134528403668202,17.288596643725647,18.17462438081927,19.099446937284775,20.074329873028574,21.099421188961017
166,충청북도 단양군,22.52255103655642,23.271365948868908,24.04478521702865,24.906294429365385,25.451058158057283,25.88925679441366,27.029621049147774,27.678069740538753,29.052964108079042,30.601298257601638
167,충청남도,14.994593781706806,15.272255156678135,15.637338954137734,16.040892743104333,16.423082050914278,16.697834291254892,17.146218058645957,17.519548206681897,18.207485112131653,18.932649362738786
168,충청남도 천안시,8.0605274626035,8.27422558540726,8.53915400218918,8.792571522162762,9.052025831330393,9.224134443446529,9.589711352253492,9.832604573772395,10.299145430182536,10.789469688918578
169,충청남도 천안시 동남구,9.771805394121973,10.041952944460816,10.418881320157345,10.801931481311696,11.2359163817435,11.658858561944083,12.408257060005159,12.848770050159317,13.455481841556448,14.217677870769469
170,충청남도 천안시 서북구,6.701210608130388,6.867440138237472,7.057189710572017,7.229824884573562,7.393509186702371,7.468331866442362,7.669844244555481,7.827682254694059,8.214903002950258,8.572321462054827
171,충청남도 공주시,18.25600410427422,18.66527988542004,19.31270355507051,20.323707765289868,21.372268809376152,22.0256342614913,23.06330234617087,23.745828724403008,24.839867009786428,26.147425659745988
172,충청남도 보령시,18.56400522453275,19.375894049773112,20.14427566753702,20.913334803155646,21.440708708020694,22.11161707084613,22.889978487955194,23.64545543680753,24.712700516248987,25.868645122740624
173,충청남도 아산시,10.52370839601782,10.72373346643374,10.928927485343449,11.083706974560647,11.373124603257237,11.575979850063876,11.869848741222592,12.213335379225246,12.737161850538337,13.287111574954977
174,충청남도 서산시,14.498201115865477,14.81492820622723,15.144388767283537,15.62367625036543,15.960117343429413,16.412160104925405,16.899078507438343,17.15529219921682,17.80353769534604,18.35795357326185
175,충청남도 논산시,19.649816126022284,20.31377069631197,20.948952671561617,21.63498525451981,22.22293772940949,22.771136162580248,23.421138743455497,24.254345837145472,25.33279480318406,26.412229368911333
176,충청남도 계룡시,7.337804480462018,7.708784596871239,8.037698073589373,8.497731307950286,8.614905343877306,9.023314725336586,9.495758182273068,10.166700967277217,11.086546740825208,11.71661488869683
177,충청남도 당진시,15.532655656075464,15.684959768929236,15.750399398552767,15.950848664979981,16.26252104504548,16.470623537178177,16.953039614426746,17.277224772009298,17.91944540893907,18.703423679597087
178,충청남도 금산군,23.271461716937356,23.97379520775375,24.656842409047456,25.412391690534026,26.10652526467319,26.745037720647474,27.79901287712918,28.523918680245014,29.877337007482254,31.03388088357931
179,충청남도 부여군,25.59050862115561,26.22749423279051,26.92323597116352,27.981715305070097,28.857371772345843,29.595224186815223,30.699418116550387,31.59317253738359,33.04015582858855,34.42305640650481
180,충청남도 서천군,26.885675416939588,27.988798370672097,28.936876507931075,29.78878242337082,30.667720962923916,31.393272870099263,32.49841413683733,33.47056859908757,34.87737903607613,36.3222235036328
181,충청남도 청양군,28.967823851847264,29.547791940661327,30.17882133416265,30.935251798561154,31.33446205941204,31.53604249992367,31.848219995736514,32.561307901907355,33.931330201469244,35.77296489917849
182,충청남도 홍성군,20.78698869569165,21.189843352372336,21.52189422991171,21.777371388761892,21.813162987953845,21.3211831431115,21.556561976961703,22.123622405571712,22.89415771287454,23.767628541973195
183,충청남도 예산군,22.420476504553292,23.254459918952907,24.036148113373628,24.771841401806427,25.881606056250302,27.054672420364156,28.13239064950584,28.803865989036375,29.923773946843685,31.216026540768148
184,충청남도 태안군,22.305448866081246,23.273326085566286,24.386375288387594,25.242113337808036,25.759246424295885,26.397496087636934,27.382218607270225,28.41171447547361,29.592145737373095,30.863959976909754
26,부산광역시,11.772665612117052,12.496848933045904,13.250123666422406,13.982947666378454,14.646063196383835,15.32255413632415,16.29454168999321,17.142788235085586,18.16496433196508,19.10570456819018
27,부산광역시 중구,16.869325884237767,17.799285536263188,18.692575773576937,19.586195091683248,20.66963506198708,21.456379401875775,22.80066941064725,24.255169996494917,25.635886423287996,26.87711874594283
28,부산광역시 서구,16.39211755767148,17.527394312576554,18.471498446747432,19.3895779536892,20.27974440123143,21.16080833473485,22.230300166304673,22.802938462373568,24.086889835441518,25.086127645349105
29,부산광역시 동구,17.24357697669787,18.259598696830377,19.51234754351064,20.61333474329826,21.663100500711423,22.637098390221094,23.716073277220147,24.630660898379972,25.24471162025747,25.946762107146853
30,부산광역시 영도구,15.765510980761846,16.930562014810572,18.131148023796904,19.406973399342935,20.41890481895119,21.51912758582485,22.905416892674122,24.204680748320275,25.803908800370145,27.303679585477713
31,부산광역시 부산진구,12.423426251253025,13.13163463031948,13.910433209754597,14.656743542483053,15.352017443627938,16.078836521249528,16.933411890676158,17.827446413343747,18.758522409746284,19.56465804149257
32,부산광역시 동래구,11.083308075646185,11.885194445540542,12.704878039965447,13.423511890742143,14.087898635449003,14.793671744669929,15.771238184591857,16.605069133069435,17.276873108274007,18.174130450768438
33,부산광역시 남구,12.271576743098594,13.169399845453764,13.895534153614147,14.771297854621606,15.581011723731105,16.420892534947036,17.51444200194264,17.916382356198447,18.841809967939376,19.84876564989545
34,부산광역시 북구,9.24191851630583,9.705787426862274,10.400395196936579,11.094424935010782,11.74005745867742,12.4183596495187,13.53474798959475,14.522549098844259,15.768792163005097,16.951248048559865
35,부산광역시 해운대구,10.313943489232129,10.897549674442066,11.597843660700857,12.270648429512834,12.900822576143872,13.541406158822255,14.54935091095746,15.347614615472935,16.305755696844635,17.239521389252364
36,부산광역시 사하구,10.025236113807278,10.701791192030075,11.459711838675489,12.292534896656969,13.141354901548635,13.980149610134996,15.079762736985488,16.109350165196727,17.434050666035315,18.694873033222336
37,부산광역시 금정구,12.030072236180905,12.734070678785415,13.567444759117409,14.444319928278688,15.302854169884483,16.139871803257243,17.184591911448894,18.267505227283955,19.51041989107428,20.66243833685694
38,부산광역시 강서구,14.13344043996107,14.512354496550467,14.235827859115824,13.304613220462452,12.080373752748182,11.337905958185274,11.249595338297183,11.459290646323511,11.718352036799777,12.012118525086825
39,부산광역시 연제구,11.661963379991187,12.457926783148023,13.375698791151033,14.132357748591428,14.731536935620118,15.357894127409924,16.252140348840584,17.092956120092378,18.095465507772392,19.002481436761393
40,부산광역시 수영구,13.169318188249543,14.08986449005468,15.073844361443307,15.837068579112506,16.5160321477238,17.19290223282996,18.12318051512256,19.168661983818073,20.244907691259623,20.991617117777803
41,부산광역시 사상구,9.073828774473004,9.78141072740632,10.605477376143146,11.406321387264203,12.276251414532773,13.12757731958763,14.272377071708714,15.358992841185346,16.694177739873634,17.909911591126455
42,부산광역시 기장군,12.854433600074008,13.192395649669187,12.73442157772797,12.726946140879322,12.913065914182884,13.282279990159404,14.01104849335915,14.58717488354037,15.388911823987955,15.694491069258106
43,대구광역시,10.37135594835979,10.941378743349016,11.562495502856587,12.174282386462083,12.70674150032016,13.237812616092123,14.037437313931509,14.742812993420584,15.556693085526804,16.333731517700524
44,대구광역시 중구,16.765013054830288,17.72425403305982,18.43113081341972,18.709079835558036,18.78212732305259,19.248042954636695,19.662978249310004,19.604287099658695,20.14569690394079,20.55692587303648
45,대구광역시 동구,12.708744863806615,13.42533587456006,14.179091453801899,14.747611178964007,15.300748009881964,15.87211685147658,16.8564796395891,17.551260920433485,18.529593103867494,19.47510874537122
46,대구광역시 서구,11.731703044214555,12.565221537525373,13.532096249286207,14.569435877971248,15.465373638534569,16.559819956192012,18.103879328305347,19.428655110320438,20.967953582044423,22.262092388933798
47,대구광역시 남구,14.585883674857328,15.338292386569066,16.38424203008515,17.391065006238836,18.231666376544897,19.160918731981102,20.368347018221073,21.3672998850506,22.2715089154902,23.160202636452773
48,대구광역시 북구,8.980712578511477,9.482145445221134,10.066635310638471,10.615358649789028,11.087089472579601,11.616252216820358,12.29272160860946,12.945488965594132,13.735121427429121,14.328263337116912
49,대구광역시 수성구,10.033117681632158,10.569208250050567,11.054567856244198,11.57117665742982,12.084482476216616,12.624074127929738,13.411549346441687,14.116170894192843,14.809128959856654,15.504907864556555
50,대구광역시 달서구,7.947677160031787,8.433172809810124,8.929185822091297,9.494206284948213,10.00114496026656,10.639965804514683,11.596040604219573,12.379035703759769,13.319868444875697,14.16446999140277
51,대구광역시 달성군,10.086997022472845,10.32348697699142,10.791503487779213,11.22865085288423,11.531178176573436,11.094159473674566,11.073446327683616,11.481861397045618,11.911592734076558,12.587767172174614
75,울산광역시,7.086343036599048,7.473135899921203,7.913755534034311,8.337784438479154,8.794376643539941,9.278139458706956,10.010282096792466,10.72313375555869,11.547282754031073,12.372034320781346
76,울산광역시 중구,8.100277689417712,8.642436258921176,9.17704927815453,9.687428033078614,10.070721242141516,10.753867467097669,11.67096860700937,12.676044194798534,13.87550820508004,14.951887490747595
77,울산광역시 남구,6.197598863477572,6.620420025602878,7.118465381706507,7.595777535592177,8.13625224826687,8.628938053616816,9.429136146959657,10.220964406226189,11.215524722144162,12.005200719142502
78,울산광역시 동구,5.7628418093534375,6.146604436998159,6.566443283950065,7.073154164874228,7.648474248841183,8.234296388828403,9.240293623419122,10.193632244506261,11.392619131131934,12.417723449134668
79,울산광역시 북구,5.370293253846492,5.604928077875799,5.8585314628826834,6.102271462860231,6.394749375860319,6.649256215275111,7.001365099293536,7.258494240289874,7.552480302668552,8.060647866863405
80,울산광역시 울주군,10.068888020324408,10.359892224788299,10.805383280772217,11.047986865181535,11.405967306053439,11.82686825842056,12.42581030998831,13.04667285725877,13.705431358579002,14.5716684701836
225,경상북도,15.72268769021875,16.21429812926626,16.759661263076786,17.30424460362397,17.745648443518007,18.234978695733002,19.046693806827342,19.77521180829122,20.609482353753194,21.52940735294619
226,경상북도 포항시,10.180472182684571,10.715090969006365,11.30889931410465,11.960305602193436,12.551194801995441,13.215809588312128,14.19763658160644,15.102360135918106,16.172969774665944,17.210971728958512
227,경상북도 포항시 남구,9.613313482950316,10.24165387338228,10.897484672158392,11.621690376298712,12.207997727687719,12.87650971611617,13.961372381624043,14.945697577276523,16.1259246370415,17.33797468902484
228,경상북도 포항시 북구,10.721954243720987,11.160128458682737,11.689736726992342,12.268924881955256,12.860851068503582,13.521084304131575,14.408744007104874,15.240952947567191,16.213816177337577,17.10343007141705
229,경상북도 경주시,15.695247996142953,16.281130367941355,16.90196480593126,17.633586326877857,18.221293205991383,18.80463438323852,19.68957321163383,20.440388688177404,21.3933328634858,22.35512794203539
230,경상북도 김천시,18.283217681829864,18.894645176526154,19.5070198655912,20.02864398771557,19.866268946421943,20.025868856146666,20.667842248159655,21.486279623540085,22.12859965021348,22.971780049548652
231,경상북도 안동시,18.27339926378325,18.732397713633826,19.32672844159776,19.773914177489818,20.06488556384846,20.540527731371224,21.619996150885296,22.721667283265507,23.68355284532527,24.549956269780846
232,경상북도 구미시,6.200567909714932,6.421169015874844,6.684818371687156,6.9318614389036926,7.204315159020277,7.5148074143051415,7.967064881614229,8.406288108490276,8.943589157148915,9.465323815604403
233,경상북도 영주시,18.819427410029085,19.43248170361172,20.235294117647058,21.215923451886624,21.943773636487904,22.4967275989272,23.568113240627106,24.66362674506793,25.944397384526063,27.03496517009169
234,경상북도 영천시,21.05162120135916,22.050531444625634,22.96731429478656,23.705667947839387,24.236944598998488,24.933098556520527,25.781444118670176,26.42256016536247,27.004977066458473,28.084528925294762
235,경상북도 상주시,24.098008310646225,24.863220133996276,25.57331681922861,26.343155930490227,26.923828315783304,27.278264030098526,28.267308587674723,29.01382892808359,29.61822660098522,31.06388641505185
236,경상북도 문경시,22.37152501726902,23.17685344997958,23.809209135123705,24.33375927072493,24.934023012773146,25.815908543278628,27.119545938275984,28.27726298800679,28.918080894770355,30.072982456140352
237,경상북도 경산시,11.761954006007782,12.201755169306457,12.75215530234521,13.196544446544447,13.626171716857153,14.096815572960466,14.786981906468583,15.345489921215814,15.988373197560652,16.75034596337935
238,경상북도 군위군,32.27295203560244,33.21862432107467,33.81598543769651,34.6793545717832,35.27729420542154,35.869430309048035,36.74581870741276,37.55591788954388,38.48508996351131,40.18847718997644
239,경상북도 의성군,32.25962870601274,33.24684886839753,34.30186929223744,35.267695428530025,36.07577509774767,36.83489465694079,37.94180349328646,38.852372317920825,39.93725639319327,41.23711340206185
240,경상북도 청송군,29.304828935978016,30.12348476266002,30.887797506611257,31.47091067175746,31.966343238326257,32.698376487586025,33.734522802430206,34.88200015577537,35.94192634560906,37.14912280701754
241,경상북도 영양군,30.711035579189737,30.914982425307556,31.40952068645133,32.0657251195252,32.58464632919879,33.18466662902952,34.11522398306539,35.05415994468772,36.003060083563824,37.50074989501469
242,경상북도 영덕군,29.48717948717949,30.270511960652808,30.93767126700214,31.927954327287424,32.515118266949045,33.0251971730001,34.106776713644265,34.86669465728981,36.021519766601536,37.41801486663752
243,경상북도 청도군,28.220235676554246,29.105258369723437,30.0744496209007,30.948105380401426,31.788034031653094,32.76558626388761,34.09541826235408,35.2370114034884,36.217664879981356,37.64375942684766
244,경상북도 고령군,22.431250881398956,23.020117137764196,23.7513495084948,24.36845260183256,25.198011215817772,25.94798143445135,27.40168206586117,28.450969092177502,29.80261328885182,31.30215964834045
245,경상북도 성주군,23.507887817703768,24.39559465508454,25.226884416535384,26.0043129321269,26.678362832841056,27.426169671496513,28.443883202623066,29.41887535816619,30.619107122571847,32.081145474312414
246,경상북도 칠곡군,11.35327083929383,11.615714691199305,11.862322787212623,12.141768667354864,12.374927745076489,12.56422535897207,13.375364045538788,14.047194263978188,14.941006604184645,15.787271506899467
247,경상북도 예천군,29.89974022628223,30.68416364307906,31.542799464595266,32.46718694572544,33.11322021757622,32.58458605900446,31.384890260491748,29.80065322671472,29.744101633393825,30.2475819257976
248,경상북도 봉화군,28.477421619092187,29.383509164849414,30.06431816840739,30.64103694559563,31.20858968291529,31.921047139151437,32.91139240506329,33.614468836586184,34.90513219284603,36.39409552106711
249,경상북도 울진군,23.389374579690653,23.566854409381992,23.958192982118454,24.168969752802088,24.388551604509974,24.47910626618733,25.216777180523405,26.12718842433448,27.08358681104757,27.836741384256037
250,경상북도 울릉군,18.199590392850492,18.870045910240798,19.479285442797416,19.91426344505066,20.722939032798187,21.537846215378462,22.43609022556391,23.291293734743693,24.34231049183737,25.85137634642585
251,경상남도,12.074898035974147,12.49749195165025,12.947459670888051,13.402464348257462,13.790790387974925,14.235221204367326,14.923068366976256,15.505834638416022,16.304783894856083,17.13906757940887
252,경상남도 창원시,8.385803947499774,8.813701875725512,9.372344244097475,9.954723354861752,10.44750594356973,11.016752404110509,11.813738846127649,12.491730740574468,13.414916629974922,14.298127060854387
253,경상남도 창원시 의창구,7.516341153766032,7.869409618080299,8.345842324170498,8.789545014520813,9.27356309290329,9.842533721552083,10.541979640732745,11.201047070732633,11.845758792181977,12.404328619559312
254,경상남도 창원시 성산구,4.237041821411271,4.446902565224614,4.712397578951703,5.066397107552409,5.386541751457984,5.848314339878482,6.398557527792158,6.900328587075576,7.620901129240308,8.346655175130092
255,경상남도 창원시 마산합포구,13.170671516478091,13.848683323899625,14.734000490824311,15.52877518205715,16.164474046347774,16.790706117262662,17.78998114524756,18.722131442656547,19.97480088196913,21.338242356331037
256,경상남도 창원시 마산회원구,9.010235850113109,9.680741503604532,10.440976871714991,11.304254495055789,11.993899646349467,12.679383844661299,13.842766493728117,14.775615796888552,16.141831822379995,17.31582298963368
257,경상남도 창원시 진해구,9.594243453927644,9.8715340793824,10.341968570518663,10.84180449475246,11.100342965439637,11.513883179491012,12.106499278560069,12.580671851729274,13.369348524444536,14.160013712789773
258,경상남도 진주시,12.010658654791923,12.508523215757425,13.058376425144852,13.51924077345176,13.882517579973639,14.22337839123952,14.851693631897911,15.393641957645807,16.09373110608233,16.79094816425871
259,경상남도 통영시,12.160205428153644,12.75377295528429,13.373270636062381,14.027639326156956,14.476028972177513,15.123769542559351,16.236113462855123,17.083457971881543,18.184377948920886,19.32064712080828
260,경상남도 사천시,16.089124092068026,16.49656177105644,16.89159699103987,17.53616345452204,18.10189515989329,18.711709830130882,19.35896089346357,19.880057600449565,20.931874022783113,21.83826564490946
261,경상남도 김해시,7.404025543227455,7.713049916221798,8.00499569963739,8.307791518094227,8.678207103892298,9.061769250238939,9.62524336066991,10.072291594837278,10.605856707007955,11.21185026777402
262,경상남도 밀양시,20.139212834655034,20.89191301549354,21.71549352974839,22.421936621352014,22.981389486171867,23.63641397641065,24.76320228363825,25.819718204301882,27.047332120660904,28.189684748217893
263,경상남도 거제시,7.3066794967072894,7.474339928421905,7.629803740132273,7.799844534752122,7.846287349312819,8.138951641438199,8.753389773805166,9.36307461399671,10.025938874478403,10.712704736609119
264,경상남도 양산시,9.103876457847697,9.574798491458996,9.989447892261191,10.337715817987798,10.74907647423919,11.081041014140306,11.496891015700001,11.950470257200141,12.724121120199339,13.527285335091538
265,경상남도 의령군,30.53419870194708,30.5779946585776,31.522588979161707,32.20582697113903,33.11028587443946,33.6167336629789,34.57933857589141,34.640546499439765,35.66328032979976,36.815827713402136
266,경상남도 함안군,18.469188156067553,18.798665183537263,19.230939749065275,19.42654311109818,19.881138296026375,20.256175928746536,21.17524594249857,22.118612458038044,23.36986301369863,24.744715850895435
267,경상남도 창녕군,24.739958393342935,25.12625861576089,25.541002726685264,26.082643066360117,26.40048889794255,26.802850801788004,27.65011466279777,28.446589690201275,29.561534388987827,30.78336966069163
268,경상남도 고성군,23.19083542889075,23.77956630232313,24.469123099576006,25.202088847557054,25.725345488749007,26.437306911869552,27.45467998520163,28.469470165092126,29.797612671206675,31.05221288732804
269,경상남도 남해군,30.355081405994984,31.74418845778985,32.499364998729995,33.399802735966375,33.97797885097569,34.771433003168696,35.475561130773706,36.16731075244374,36.64893860895878,37.85352887686819
270,경상남도 하동군,25.280222325150532,27.034208558044327,27.895250812125077,28.791418645755034,28.665512644501483,29.249123372697593,30.146832954475638,31.23934950455473,32.46446515223086,34.15536648054596
271,경상남도 산청군,29.67378194160052,30.383009722338965,30.763879226380965,31.504365533208738,31.998003936680437,32.240013297135576,32.79031370390754,33.63095238095239,35.135669311347655,36.49722682829207
272,경상남도 함양군,27.75979163116769,28.55037579211082,28.973754054851074,29.54119850187266,30.15196212102432,30.50123008871549,31.258245177349096,31.515333133553092,32.383883744985745,33.53767560664112
273,경상남도 거창군,22.52082475532892,23.122513985072025,23.60985801794957,24.096805359773192,24.289916497975707,24.62721930877614,25.462453993594952,25.961091986230084,26.701941169848343,27.590920185501588
274,경상남도 합천군,31.722257350616502,32.466835060363174,32.859415390733744,33.26396733852587,34.36361786550005,35.33919127139466,36.54042553191489,37.21578534715568,38.14706663127157,39.35513067089037
63,광주광역시,9.321103901428392,9.850968135386493,10.311152752035087,10.828899832236138,11.302072613824626,11.745872282730767,12.355902908243783,12.826792459036165,13.421441459750575,13.999017849282508
64,광주광역시 동구,15.857082492135783,16.81947338511082,17.76131863011571,18.77145635306491,19.57806932296728,20.265995761605996,21.003059257396696,21.52632971685631,21.441395749860526,21.674769538482867
65,광주광역시 서구,8.706469226510997,9.254608349523764,9.768900899529301,10.404199576562032,11.000629450411111,11.374802554436831,12.050873575126158,12.646791946661756,13.371874740426945,14.0955608495789
66,광주광역시 남구,11.438954351011912,12.162812109219331,12.846005160598187,13.461774674157814,13.971299216511987,14.647133514465546,15.4389482453972,16.02678757123248,16.583509125928643,17.364098371317347
67,광주광역시 북구,9.288769199271965,9.93898714605445,10.473883754705502,10.985849425377218,11.543166724921356,12.173688291548205,12.883905373991523,13.36894261357564,14.173315526153718,14.833362233396914
68,광주광역시 광산구,6.7907826443573915,7.018678216883363,7.212981228125995,7.512063249941477,7.748912671895157,7.956104592741825,8.3054752048222,8.629652426046912,9.002134142580461,9.358743227112184
125,경기도 광주시,9.0965304537331,9.510041501001249,9.836099881757523,10.185773845772909,10.498465987798285,10.74169344232782,11.332082660060646,11.77710826813861,12.436200872659358,13.165444357084443
185,전라북도,15.57706355978103,16.205592041171364,16.69887050745743,17.238346619932035,17.838264844139015,18.29711747858071,18.94104788777353,19.512399609762895,20.378939775701696,21.193717370232406
186,전라북도 전주시,9.993745103685745,10.546756403123618,11.034915595263367,11.522231599520277,12.103354070785336,12.513348799528648,13.121991358534526,13.602246076201329,14.23622465976155,14.8210413468801
187,전라북도 전주시 완산구,9.912419064847395,10.467435560708378,10.963887223875016,11.456894472582166,12.023085023454275,12.525805248103469,13.20847214020701,14.086621361192819,15.02690068144458,15.660563276711523
188,전라북도 전주시 덕진구,10.097861313713999,10.648104269561951,11.125116974174896,11.605006857519836,12.205722816968226,12.497800958264776,13.01491281315528,13.056080202335748,13.387206667617372,13.919858041823355
189,전라북도 군산시,12.668187869795652,13.207899662644024,13.679626615502356,14.22340326072104,14.840983053039174,15.424192310602375,16.211085939119336,16.839846687083938,17.790997701115387,18.700867456393993
190,전라북도 익산시,13.079237195129826,13.780839171335439,14.266047713341532,14.879470730015093,15.568378572539984,16.151211898335657,16.775210119025807,17.52725615686488,18.599858915596084,19.630542916089645
191,전라북도 정읍시,21.124632676439823,21.895101849370143,22.551720640930295,23.319935485522645,24.09443251679212,24.50921656985578,25.125685557586834,25.679109201294477,26.677884223953104,27.624055872176793
192,전라북도 남원시,21.097707392373223,21.97816091954023,22.682165163081194,23.356257954532186,24.120863580654284,24.600893238941417,25.416361475006305,25.975724980013084,27.074814896673665,27.90309622396638
193,전라북도 김제시,24.279623245373802,25.233705601351865,25.86441272555855,26.6790961956763,27.641708276507256,28.308764894853162,28.93840738099073,29.598856218724727,30.573931700339713,31.62795185372796
194,전라북도 완주군,18.562485235057878,18.910449839840304,19.3014325461611,19.28588025714507,19.229195303400733,19.70360284876414,20.18963271685335,20.943627970013974,22.16222077640425,23.105243665991328
195,전라북도 진안군,26.84297404558705,28.69116938026184,29.47983372654758,30.203218251869757,30.95065450520933,31.197974605853695,31.628030908606448,32.48854138581828,33.51753122932638,34.703662946077664
196,전라북도 무주군,26.883965510574953,27.83855297974014,28.25813056146153,28.534856242615202,29.50436161776368,30.16954587358211,31.041154419767018,31.37581845540689,32.469242480352214,33.38049267643142
197,전라북도 장수군,27.39608012061167,27.997930231555344,28.572043195800884,28.712234840368545,29.350861365296215,29.51582867783985,30.913359127070382,30.9978037121571,32.54756918140903,33.879633392026726
198,전라북도 임실군,29.039592062100102,30.3912404860462,30.999697367093717,31.212040312354,31.47897327475141,31.632281352452228,32.056892778993436,32.488693801542965,34.01148709431873,36.06254081114416
199,전라북도 순창군,29.121605587008847,29.386125436699384,29.809725158562365,30.163329820864064,30.362338005818568,30.6955157100404,31.26809886187622,31.767605874901573,32.80952716510465,33.83803953930609
200,전라북도 고창군,27.050695080329646,27.562872270019856,27.988169591223027,28.92494591446164,29.404123505312597,29.46845553410235,30.00892975261278,31.689486509703546,33.09671375036034,34.19752634660422
201,전라북도 부안군,25.343601895734597,26.212437785591735,26.494151849097424,27.73838078353669,28.53046721080777,28.89044820629769,29.738259102093213,30.55601476828126,31.86602870813397,33.04939073303029
202,전라남도 ,18.61472811241896,19.193576935282344,19.639812245565686,20.139155621320405,20.525815664359694,20.95241696841349,21.53795775628235,21.940445147824978,22.611324712574483,23.387358167254057
203,전라남도 목포시,10.72809765141646,11.324380898752615,11.99820699272836,12.621440430933173,13.089495012207298,13.647319118865648,14.435593632535337,14.987926500148497,15.699487951414115,16.5988727601425
204,전라남도 여수시,12.922288642186167,13.575869987030186,14.198293555184888,14.859058095565485,15.507223401615617,16.136310158207262,16.959515612014723,17.511118955171195,18.386695239509734,19.25074408740131
205,전라남도 순천시,11.692462555244102,12.089569682758821,12.421463499571948,12.841104232506458,13.199289724319769,13.62817180521849,14.140213581736363,14.510950681666065,15.119206861279407,15.566973777462792
206,전라남도 나주시,24.12429314506533,24.452973304415956,24.833056043029377,24.65561548048396,23.382086329469757,22.504215528473978,21.958041958041957,21.660415147708605,22.026965743389383,22.56509666264997
207,전라남도 광양시,9.29772764969315,9.64551137983386,9.941894592437723,10.294088640801593,10.657803069270186,10.943566011055406,11.364263395291838,11.700646381032676,12.312599681020734,13.154963937208317
208,전라남도 담양군,25.20337104498212,26.048055112156597,26.7497097012562,27.44133794009793,28.096747431342934,28.22206695039065,28.81040499101195,29.447748150990044,29.998925539916193,31.148504506073404
209,전라남도 곡성군,29.908719519979577,30.96703154349375,31.06839949692025,31.83001431732396,32.153103808033386,32.60526315789474,33.30457004414058,33.85093167701863,34.90843632083636,36.09484257977496
210,전라남도 구례군,27.755087156297865,28.747645603279537,29.20523695371566,29.4331983805668,29.731214296176944,30.096308186195824,30.68846503178928,31.38252756573367,32.66197342167677,34.41715399610136
211,전라남도 고흥군,32.645612681972814,33.79401900503075,34.62360719797256,35.68013095733835,36.59130333377065,37.48965354144496,38.2042675617358,38.87072989038722,39.75474866359589,40.90192712803308
212,전라남도 보성군,30.147826450077254,31.190223166843783,31.94567209227121,32.875637504903885,33.47813623233147,34.336279205738826,35.289681179293794,35.922715697497836,37.25012071463061,38.40349971736833
213,전라남도 화순군,20.791476407914764,21.44256924741876,22.040720045998025,22.744563589528543,23.40086259263759,23.76001102552716,24.471243042671613,25.019942752569097,25.959162854455904,26.6538983321363
214,전라남도 장흥군,28.17258883248731,28.615954255718034,28.69965584596782,28.95577680018523,29.051088180543744,31.00641766456023,31.597568267889176,32.07926332926333,32.98498560796618,34.028383413938
215,전라남도 강진군,26.880453857063873,28.167789070848144,28.648419371740815,29.010812573693585,30.073791217297074,30.87171880380367,31.93284148855376,32.72465692784418,33.67624553647339,34.60819016374572
216,전라남도 해남군,25.81114543180252,26.35060780550224,26.90257968178776,27.4860030397111,28.03632831981521,28.685720371134572,29.702190098364216,30.334765858611146,31.20931290331751,32.1302040403164
217,전라남도 영암군,21.160977069788323,21.657749554144374,22.158446352076666,22.624549717936517,23.150489361336156,23.79524936453677,24.771648446490218,25.278178728691238,25.779861887055116,26.53246416533946
218,전라남도 무안군,19.126231543358248,19.591766678549266,19.229654642357655,19.085389737563652,19.30419767498419,19.699423936474687,19.870402548508544,20.244904928589726,20.785401639849578,20.56304999230159
219,전라남도 함평군,30.104610616040294,30.958636109558412,31.213142375737153,32.011969222000566,32.29441449707535,32.85751664389336,33.34595665346073,34.17414721723519,35.19065153221143,36.35008848458505
220,전라남도 영광군,23.816893234616536,24.404096183419544,24.640297134526268,25.501029331550328,26.14321005207315,26.561544823618256,27.388907145726076,27.79573964934321,28.214365297481987,28.99189615067157
221,전라남도 장성군,24.80916855876311,25.4876968610253,26.021774820703364,26.50141551228578,26.84426229508197,27.212389380530972,27.769946433605863,28.247625286603338,28.568617591114805,29.779067172506135
222,전라남도 완도군,26.759442604141608,27.382079411928494,27.934127827822223,28.67754917816978,28.990455351416607,29.663173084225715,30.24429561112284,30.56510674670241,31.409181479216397,32.29002297013882
223,전라남도 진도군,28.857978628141606,29.498915923873763,29.965452451663737,30.394552006351923,31.14915630003695,31.501340482573724,32.08248071777113,32.38732822960377,32.83412013674101,33.801980198019805
224,전라남도 신안군,29.26163904858528,30.270171761811472,30.42887550382682,31.149564541568566,31.731879706194853,32.38066210259777,33.33491799381982,33.82691515401207,34.94065650295476,36.35252476382063
275,제주특별자치도,12.597282680385174,13.007248425167846,13.355371956497578,13.569036430634268,13.756195997725799,13.90109367718365,14.17126907863999,14.419708898950976,14.962540369514254,15.583967854871403
276,제주특별자치도 제주시,11.291894321057736,11.660258439309587,11.95189026964728,12.15014905287924,12.375944819907975,12.569237143191017,12.879256319197827,13.131705992023804,13.626750850522573,14.207664728169526
277,제주특별자치도 서귀포시,16.195897395772203,16.763925040731678,17.30649379019667,17.586681134551327,17.614378886329238,17.568389769030958,17.638452094650276,17.873044773648928,18.56275883337739,19.310531013432357
